id,date,user,pc,file_tree,activity
{C9S1-Y8GB42VD-2923GATU},01/02/2010 07:27:19,HRE1950,PC-8025,R:\;R:\HRE1950;R:\47yHBn0;R:\54s7J45,Connect
{C3G4-U2ON02HC-9088IHGJ},01/02/2010 07:40:51,EMR0269,PC-6370,R:\;R:\EMR0269;R:\753Cf59;R:\18d36D6;R:\89bc6Q2,Connect
{X4S2-R2YC60OH-9191YYMD},01/02/2010 07:45:00,EMR0269,PC-6370,,Disconnect
{G7C9-E4MQ65OF-8259TKPO},01/02/2010 07:49:50,HRE1950,PC-8025,,Disconnect
{J8B1-S3LN49GC-0432LLSY},01/02/2010 07:50:31,BWJ1539,PC-4624,R:\;R:\BWJ1539,Connect
{X0F9-C2EG17KC-9227GJOE},01/02/2010 08:03:20,HRE1950,PC-8025,R:\;R:\HRE1950;R:\47yHBn0;R:\54s7J45,Connect
{T9X6-M1XB39ZU-4982AYWV},01/02/2010 08:11:41,LNS0317,PC-6671,R:\;R:\LNS0317;R:\33g5297;R:\34PjS31;R:\82SQ393;R:\28TBwC0,Connect
{A2V3-P6LD78MP-9050VOIH},01/02/2010 08:14:30,KDC1240,PC-3537,R:\;R:\KDC1240,Connect
{F6N5-P6DI69OQ-1446HMMS},01/02/2010 08:15:06,TSG0262,PC-9993,R:\;R:\TSG0262;R:\61Sj7N2;R:\79L99n6,Connect
{G9S9-N1TA47XN-6941IEKG},01/02/2010 08:25:18,HRE1950,PC-8025,,Disconnect
{E5C0-L6ZM74NG-9070HMVP},01/02/2010 08:25:31,KHG0205,PC-1392,R:\;R:\KHG0205;R:\63T9r75;R:\72GlYL0;R:\74yD4K2,Connect
{N5R3-N9ZM76PM-0890UTEO},01/02/2010 08:26:03,OHR0583,PC-0804,R:\;R:\OHR0583;R:\46ym443,Connect
{S0O9-A0FC53XD-1586KITQ},01/02/2010 08:29:01,TSG0262,PC-9993,,Disconnect
{E3A6-R4AX02XY-2784MLOM},01/02/2010 08:29:04,HRE1950,PC-8025,R:\;R:\HRE1950;R:\47yHBn0;R:\54s7J45,Connect
{Q1W9-R2NR87BK-5450CRBQ},01/02/2010 08:30:28,KDC1240,PC-3537,,Disconnect
{E8R1-F8ZC20EC-5179UXQH},01/02/2010 08:32:25,LNS0317,PC-6671,,Disconnect
{V7A0-J1FR21BL-7032KBMK},01/02/2010 08:32:26,KAD0387,PC-0557,R:\;R:\KAD0387,Connect
{Z4X0-F9AI39HA-7497FDLZ},01/02/2010 08:37:19,BWJ1539,PC-4624,,Disconnect
{M3D3-Z2ST49CQ-9946WQAP},01/02/2010 08:37:39,KAD0387,PC-0557,,Disconnect
{A7X3-G3AO34MC-5888QYWS},01/02/2010 08:37:58,KAD0387,PC-0557,R:\;R:\KAD0387,Connect
{C8D0-Z7NH74CJ-0250EDPE},01/02/2010 08:40:19,BWJ1539,PC-4624,R:\;R:\BWJ1539,Connect
{R7T1-Y8AH37QZ-5619SGTV},01/02/2010 08:41:34,KAD0387,PC-0557,,Disconnect
{S8B5-O7QG69UM-8925OWAE},01/02/2010 08:42:06,HRE1950,PC-8025,,Disconnect
{I3E7-Z8KN26QC-0847RGRG},01/02/2010 08:42:18,ESM1828,PC-7721,R:\;R:\ESM1828;R:\584Xlk8,Connect
{G8X7-R7NE83AJ-2167RCLB},01/02/2010 08:43:30,BWJ1539,PC-4624,,Disconnect
{Q0Z2-I6OI75TP-7558HMVN},01/02/2010 08:44:11,ESM1828,PC-7721,,Disconnect
{M3L3-D0RQ99HO-6544BJVI},01/02/2010 08:55:38,GAT1343,PC-8168,R:\;R:\GAT1343;R:\63bZ883;R:\78C6Fv4;R:\61Np213;R:\38Byd31,Connect
{Z0R7-O0XU87VC-3396MBQZ},01/02/2010 09:01:39,GAT1343,PC-8168,,Disconnect
{J4S1-S5NR04UH-9583XRYX},01/02/2010 09:02:36,KHG0205,PC-1392,,Disconnect
{I9Z7-P8BH93GZ-3728JYER},01/02/2010 09:10:10,AAB1302,PC-5565,R:\;R:\AAB1302;R:\24qL4d2;R:\67NKsY0;R:\29NV533;R:\56vGn51,Connect
{C8K7-Y3OO14JC-8179KUZR},01/02/2010 09:15:37,ATD0517,PC-4139,R:\;R:\ATD0517;R:\31W1257,Connect
{Q1W8-J4LL22RC-4378RVJW},01/02/2010 09:19:06,OHR0583,PC-0804,,Disconnect
{N4Y7-A6HW34YE-7071XZNH},01/02/2010 09:26:04,ATD0517,PC-4139,,Disconnect
{B5T6-D9IS87XI-7265XQTC},01/02/2010 09:26:28,AAB1302,PC-5565,,Disconnect
{N2N4-I4SD49OD-8454SGCY},01/02/2010 09:27:00,ATD0517,PC-4139,R:\;R:\ATD0517;R:\31W1257,Connect
{M5I5-C7AQ82GM-5521VGEE},01/02/2010 09:38:39,ATD0517,PC-4139,,Disconnect
{M7C5-O9OS46SH-9062JUNL},01/02/2010 09:39:30,KHG0205,PC-1392,R:\;R:\KHG0205;R:\63T9r75;R:\72GlYL0;R:\74yD4K2,Connect
{N3H5-P0CS44IT-5239PSCC},01/02/2010 09:42:40,GAT1343,PC-8168,R:\;R:\GAT1343;R:\63bZ883;R:\78C6Fv4;R:\61Np213;R:\38Byd31,Connect
{C3C8-C3DW43QQ-5997STQD},01/02/2010 09:42:44,KHG0205,PC-1392,,Disconnect
{G7K8-H8KH01FD-8993IYSV},01/02/2010 09:44:02,LRV1554,PC-7745,R:\;R:\LRV1554;R:\58H4Fc4;R:\83C3C65;R:\94s4T15,Connect
{P6D1-S7EE22UZ-2724TCFC},01/02/2010 09:49:12,NVA1748,PC-5945,R:\;R:\NVA1748;R:\511jCl8,Connect
{B2Y2-Q3IA77LT-3258KQLJ},01/02/2010 09:51:07,GAT1343,PC-8168,,Disconnect
{P2F1-T8TQ56MI-3818DPUO},01/02/2010 09:55:16,NVA1748,PC-5945,,Disconnect
{W8F8-H1WD32GU-3329VKLB},01/02/2010 09:55:55,GAT1343,PC-8168,R:\;R:\GAT1343;R:\63bZ883;R:\78C6Fv4;R:\61Np213;R:\38Byd31,Connect
{Y6J9-K6OJ37DQ-0499ZWGA},01/02/2010 09:57:43,LRV1554,PC-7745,,Disconnect
{R5Q6-K5KU73LH-1241FNDY},01/02/2010 09:57:44,NVA1748,PC-5945,R:\;R:\NVA1748;R:\511jCl8,Connect
{D8U4-N6RH22LV-4336OIBX},01/02/2010 09:59:14,NVA1748,PC-5945,,Disconnect
{L2D8-Y3JC57JX-1470LDHD},01/02/2010 10:06:14,HMW0602,PC-7686,R:\;R:\HMW0602;R:\97yn1d2;R:\48vYHL0,Connect
{D5S0-I7KZ77NL-7138NYNM},01/02/2010 10:09:25,BWJ1539,PC-4624,R:\;R:\BWJ1539,Connect
{H3W7-G4EV09XS-0634PULG},01/02/2010 10:09:37,BWJ1539,PC-4624,,Disconnect
{V6Y1-J0YZ81RE-9196GDRV},01/02/2010 10:14:33,AAB1302,PC-5565,R:\;R:\AAB1302;R:\24qL4d2;R:\67NKsY0;R:\29NV533;R:\56vGn51,Connect
{B1P9-D0MO83HY-2970LHTX},01/02/2010 10:17:37,AAB1302,PC-5565,,Disconnect
{T7M3-U3AU84XO-8840KKBH},01/02/2010 10:19:58,GAT1343,PC-8168,,Disconnect
{J0U4-K3IU14TR-7091CHPD},01/02/2010 10:31:48,BCC1597,PC-2558,R:\;R:\BCC1597,Connect
{R6G4-Y2WT84PM-2134FLFM},01/02/2010 10:32:07,BCC1597,PC-2558,,Disconnect
{Y0Z6-Y6XV48SE-2473MVSC},01/02/2010 10:34:02,LNS0317,PC-6671,R:\;R:\LNS0317;R:\33g5297;R:\34PjS31;R:\82SQ393;R:\28TBwC0,Connect
{A5B4-K0NJ77PW-1625TGWG},01/02/2010 10:34:14,NVA1748,PC-5945,R:\;R:\NVA1748;R:\511jCl8,Connect
{P0L5-I0WS21JD-5578YTAJ},01/02/2010 10:34:16,NVA1748,PC-5945,,Disconnect
{A1X3-P0UR95YD-3740PRJU},01/02/2010 10:36:03,HTM1498,PC-6499,R:\;R:\HTM1498;R:\247FQl8;R:\951pT49;R:\99C5nK4,Connect
{S1X5-W4KO16KI-8293ONYO},01/02/2010 10:36:41,HMW0602,PC-7686,,Disconnect
{C6J1-P5OZ85XM-8194HSRB},01/02/2010 10:41:42,KAD0387,PC-0557,R:\;R:\KAD0387,Connect
{V7I2-M1OW59JQ-3462KXHZ},01/02/2010 10:43:56,BCC1597,PC-2558,R:\;R:\BCC1597,Connect
{E6H4-W9NK11XD-8710BEFJ},01/02/2010 10:46:06,KAD0387,PC-0557,,Disconnect
{L1D8-T0GM89BX-2988AQSL},01/02/2010 10:46:37,HTM1498,PC-6499,,Disconnect
{W6J9-D0TJ64XZ-7325SJRC},01/02/2010 10:48:49,DDR1876,PC-4189,R:\;R:\DDR1876;R:\63X64f6;R:\13p5677,Connect
{R6T2-J0SU79JQ-9789LSPQ},01/02/2010 10:50:06,HRE1950,PC-8025,R:\;R:\HRE1950;R:\47yHBn0;R:\54s7J45,Connect
{T8N4-W7UG54BM-0605LKVS},01/02/2010 10:51:23,DCR1648,PC-8873,R:\;R:\DCR1648;R:\135vhv8;R:\81z1pz4;R:\98R73n6,Connect
{A9G0-A8WA03OX-2049WVLG},01/02/2010 10:52:08,DDR1876,PC-4189,,Disconnect
{W5N8-T6QJ83WA-1323GFVN},01/02/2010 10:54:47,HRE1950,PC-8025,,Disconnect
{M0E3-Y2ZK52IW-8850RVHO},01/02/2010 10:58:47,LNS0317,PC-6671,,Disconnect
{P5Q0-F3RW25XK-4922NGEN},01/02/2010 10:59:26,BCC1597,PC-2558,,Disconnect
{G0U1-H9PJ93OP-6392GBGF},01/02/2010 11:03:04,KIS1205,PC-1031,R:\;R:\KIS1205;R:\74f9M35;R:\56PyRX0;R:\17Pb1p2,Connect
{H7R0-H3FA65QT-4085RXSI},01/02/2010 11:05:31,KAD0387,PC-0557,R:\;R:\KAD0387,Connect
{L0G5-H1UZ39ET-3256IMCX},01/02/2010 11:07:38,HRE1950,PC-8025,R:\;R:\HRE1950;R:\47yHBn0;R:\54s7J45,Connect
{P9A5-D2TG01NP-7025EINC},01/02/2010 11:08:52,ATD0517,PC-4139,R:\;R:\ATD0517;R:\31W1257,Connect
{T3I1-P6CX23RQ-2997SIAU},01/02/2010 11:15:17,XNC1338,PC-1858,R:\;R:\XNC1338,Connect
{C7S4-J1HC42TW-9535YBGC},01/02/2010 11:20:53,ATD0517,PC-4139,,Disconnect
{I4E1-Q1JB24QQ-8697QJST},01/02/2010 11:21:00,XNC1338,PC-1858,,Disconnect
{B6G8-S9IW00JO-4230CDED},01/02/2010 11:21:09,BWJ1539,PC-4624,R:\;R:\BWJ1539,Connect
{P2G9-T5GR95CD-8935HHZT},01/02/2010 11:22:02,KAD0387,PC-0557,,Disconnect
{A2C5-N7ZD52HG-8943OSWF},01/02/2010 11:22:09,DCR1648,PC-8873,,Disconnect
{W2G8-V3LA09JC-8585XSZK},01/02/2010 11:23:20,BWJ1539,PC-4624,,Disconnect
{B9D7-A0UM76QW-0549KGNM},01/02/2010 11:27:08,OCW1127,PC-5872,R:\;R:\OCW1127;R:\52x6317,Connect
{S6H3-G3ME52FC-7916WXVL},01/02/2010 11:27:44,OCW1127,PC-5872,,Disconnect
{K5W7-E7DB54VH-8075VMGF},01/02/2010 11:30:45,AAB1302,PC-5565,R:\;R:\AAB1302;R:\24qL4d2;R:\67NKsY0;R:\29NV533;R:\56vGn51,Connect
{I6R1-H6NQ27KX-2073ZSHA},01/02/2010 11:30:58,QCR0394,PC-6491,R:\;R:\QCR0394;R:\51Q5TW4;R:\491Lf79;R:\98kQ343,Connect
{N5R1-H9PV65UG-5309FMMF},01/02/2010 11:37:30,SKC0074,PC-7520,R:\;R:\SKC0074;R:\22r3BJ4;R:\74Y3327;R:\68rxWH0,Connect
{Y4N6-I6LP62TS-7538HZSK},01/02/2010 11:39:30,GAT1343,PC-8168,R:\;R:\GAT1343;R:\63bZ883;R:\78C6Fv4;R:\61Np213;R:\38Byd31,Connect
{G0B6-T2TE33SL-5805PCKJ},01/02/2010 11:40:54,HRE1950,PC-8025,,Disconnect
{O4A1-I2HU04QG-4699SOJH},01/02/2010 11:41:54,HRE1950,PC-8025,R:\;R:\HRE1950;R:\47yHBn0;R:\54s7J45,Connect
{O5H0-A7IS30EG-6971YYHY},01/02/2010 11:42:13,LNS0317,PC-6671,R:\;R:\LNS0317;R:\33g5297;R:\34PjS31;R:\82SQ393;R:\28TBwC0,Connect
{X5A9-W7TR82GK-9893JVRX},01/02/2010 11:44:43,LIJ1581,PC-6639,R:\;R:\LIJ1581;R:\44Jjg51;R:\996Hzl8;R:\75V4w15,Connect
{X2F0-W2QL07DJ-7820BSWU},01/02/2010 11:48:22,AAB1302,PC-5565,,Disconnect
{D5D6-X0PP16MZ-0866ZRKX},01/02/2010 11:48:29,HRE1950,PC-8025,,Disconnect
{T5P0-C0RG72VI-1219QZDK},01/02/2010 11:49:14,KHG0205,PC-1392,R:\;R:\KHG0205;R:\63T9r75;R:\72GlYL0;R:\74yD4K2,Connect
{X2A3-G1LE50OZ-8592JSYR},01/02/2010 11:49:46,SKC0074,PC-7520,,Disconnect
{L6G6-N3FF78FI-5982NLKG},01/02/2010 11:52:53,LRV1554,PC-7745,R:\;R:\LRV1554;R:\58H4Fc4;R:\83C3C65;R:\94s4T15,Connect
{R2M7-U6YP42NF-6206QJKV},01/02/2010 11:56:18,ATD0517,PC-4139,R:\;R:\ATD0517;R:\31W1257,Connect
{L6T8-N1GY25PV-4590LJET},01/02/2010 11:57:21,LNS0317,PC-6671,,Disconnect
{Z9Q4-N3ZS22EG-5157AIJL},01/02/2010 12:00:55,GAT1343,PC-8168,,Disconnect
{Y2V4-J2FI51UZ-0467NIDW},01/02/2010 12:01:15,LIJ1581,PC-6639,,Disconnect
{B2Z6-E3ZG87IL-1411BVCQ},01/02/2010 12:04:01,QCR0394,PC-6491,,Disconnect
{E7E4-H2AP35WT-3011TKZF},01/02/2010 12:05:48,LRV1554,PC-7745,,Disconnect
{D1J9-Y7PX86UV-6511BQXQ},01/02/2010 12:09:03,KHG0205,PC-1392,,Disconnect
{T2E3-Z9PB83DS-0514WIOD},01/02/2010 12:18:16,ATD0517,PC-4139,,Disconnect
{O1J9-T7XQ20RL-5147PKCM},01/02/2010 12:35:10,LNS0317,PC-6671,R:\;R:\LNS0317;R:\33g5297;R:\34PjS31;R:\82SQ393;R:\28TBwC0,Connect
{E4H4-D1MM28VM-7058CFIF},01/02/2010 12:37:41,ATD0517,PC-4139,R:\;R:\ATD0517;R:\31W1257,Connect
{P9V1-F9NW67FM-7639VSTW},01/02/2010 12:42:47,KIS1205,PC-1031,,Disconnect
{Q1L5-D7EF48IE-7180IJDE},01/02/2010 12:45:29,ATD0517,PC-4139,,Disconnect
{V0T2-T0MA25EQ-0628WSLJ},01/02/2010 12:49:13,KHG0205,PC-1392,R:\;R:\KHG0205;R:\63T9r75;R:\72GlYL0;R:\74yD4K2,Connect
{U0D2-I5SS68AF-5074RBZD},01/02/2010 12:49:32,ATD0517,PC-4139,R:\;R:\ATD0517;R:\31W1257,Connect
{G6J3-R0CO40MD-9719QCPG},01/02/2010 12:52:55,LNS0317,PC-6671,,Disconnect
{J3X0-Y5KX23GG-6287HMSN},01/02/2010 12:56:49,ATD0517,PC-4139,,Disconnect
{Y2U7-Y6BQ78DC-7153TNMY},01/02/2010 12:58:40,KAD0387,PC-0557,R:\;R:\KAD0387,Connect
{R7Q4-F4CN81DS-1230VFOY},01/02/2010 13:02:28,HST0084,PC-2600,R:\;R:\HST0084;R:\57D7Cl4;R:\795rvC8;R:\25yPlC0;R:\53XGrH0,Connect
{R7O2-E9DR16ES-2974XEDH},01/02/2010 13:05:20,HST0084,PC-2600,,Disconnect
{T8O3-J8MY46ZA-5007UZMN},01/02/2010 13:05:25,BWJ1539,PC-4624,R:\;R:\BWJ1539,Connect
{U2F8-S9EI55CH-2639IZTR},01/02/2010 13:09:33,BWJ1539,PC-4624,,Disconnect
{A6H2-H4QU80FG-6730XVBZ},01/02/2010 13:15:42,KAD0387,PC-0557,,Disconnect
{H2N3-N6JD40NH-6450YEPJ},01/02/2010 13:27:13,HRE1950,PC-8025,R:\;R:\HRE1950;R:\47yHBn0;R:\54s7J45,Connect
{T5K3-A1KM86UY-0258ZPWI},01/02/2010 13:28:12,ATD0517,PC-4139,R:\;R:\ATD0517;R:\31W1257,Connect
{J6Z6-A5JO56EP-7631COMG},01/02/2010 13:36:23,HRE1950,PC-8025,,Disconnect
{B7U4-K8IL86EQ-2544SMHT},01/02/2010 13:37:14,KHG0205,PC-1392,,Disconnect
{X5K0-F4ZV93TU-0960JDET},01/02/2010 13:40:59,OCW1127,PC-8536,R:\;R:\OCW1127;R:\52x6317,Connect
{P2D1-F6VO84LZ-8601DMDI},01/02/2010 13:41:20,GAT1343,PC-8168,R:\;R:\GAT1343;R:\63bZ883;R:\78C6Fv4;R:\61Np213;R:\38Byd31,Connect
{P2N6-N5UV22ZI-9106QKBX},01/02/2010 13:41:26,ATD0517,PC-4139,,Disconnect
{X1P4-Z5CF17PK-9174KEJX},01/02/2010 13:42:59,HRE1950,PC-8025,R:\;R:\HRE1950;R:\47yHBn0;R:\54s7J45,Connect
{O2E3-G1KV35PO-9207LLRJ},01/02/2010 13:43:37,OCW1127,PC-8536,,Disconnect
{D9V5-I7MN06KH-1041LFXA},01/02/2010 13:47:04,GAT1343,PC-8168,,Disconnect
{L0A2-U2OF89DE-4080AIHN},01/02/2010 13:48:44,AKS0586,PC-5335,R:\;R:\AKS0586,Connect
{S4X7-M4MG28CI-4886TISU},01/02/2010 13:49:57,ATD0517,PC-4139,R:\;R:\ATD0517;R:\31W1257,Connect
{J7P8-S3UD46XC-9499DZKC},01/02/2010 13:51:53,AKS0586,PC-5335,,Disconnect
{N7Q6-Y7OO35VO-5961MDYO},01/02/2010 13:53:36,ATD0517,PC-4139,,Disconnect
{L9C3-J1TC94NL-6907STET},01/02/2010 13:59:50,BWJ1539,PC-4624,R:\;R:\BWJ1539,Connect
{D0R7-P5TT12HN-3805OOQR},01/02/2010 14:00:35,KIS1205,PC-1031,R:\;R:\KIS1205;R:\74f9M35;R:\56PyRX0;R:\17Pb1p2,Connect
{R8H8-F0UL13AL-4453SNJO},01/02/2010 14:05:50,RFP1918,PC-2165,R:\;R:\RFP1918;R:\578VnQ8,Connect
{B8F1-O0MW77TU-2677HFGR},01/02/2010 14:10:10,LNS0317,PC-6671,R:\;R:\LNS0317;R:\33g5297;R:\34PjS31;R:\82SQ393;R:\28TBwC0,Connect
{V5E8-C0MS96DN-4703FJYR},01/02/2010 14:13:07,KHG0205,PC-1392,R:\;R:\KHG0205;R:\63T9r75;R:\72GlYL0;R:\74yD4K2,Connect
{R9N7-G5EL45KB-4718UPCA},01/02/2010 14:16:48,RFP1918,PC-2165,,Disconnect
{Y9T2-X6LF48VQ-1890SFJL},01/02/2010 14:21:00,LNS0317,PC-6671,,Disconnect
{R0B2-S3SC16CB-6211NIIB},01/02/2010 14:26:31,KHG0205,PC-1392,,Disconnect
{P1O9-M5BP02HU-1409OLJJ},01/02/2010 14:33:26,BWJ1539,PC-4624,,Disconnect
{Q4S3-A1HN48AH-7197IYHD},01/02/2010 14:34:49,GAT1343,PC-8168,R:\;R:\GAT1343;R:\63bZ883;R:\78C6Fv4;R:\61Np213;R:\38Byd31,Connect
{W3C1-M5GC72KD-2193YRAX},01/02/2010 14:37:25,GAT1343,PC-8168,,Disconnect
{L5F5-D4UT14UI-4411EIEU},01/02/2010 14:39:42,LNS0317,PC-6671,R:\;R:\LNS0317;R:\33g5297;R:\34PjS31;R:\82SQ393;R:\28TBwC0,Connect
{Z8G8-Q8ZL36BC-7180MDXN},01/02/2010 14:41:08,DEO1964,PC-3336,R:\;R:\DEO1964;R:\97k4Jq4,Connect
{Z2F8-W1GA40RM-7131LWWY},01/02/2010 14:42:11,NVA1748,PC-5945,R:\;R:\NVA1748;R:\511jCl8,Connect
{Z7U3-F4MI77FW-0938OBTT},01/02/2010 14:42:40,NVA1748,PC-5945,,Disconnect
{Q2Z6-X8SY52ZN-6543TQDW},01/02/2010 14:42:47,HRE1950,PC-8025,,Disconnect
{O8S4-K8YQ69DK-6093GVVQ},01/02/2010 14:45:21,HRE1950,PC-8025,R:\;R:\HRE1950;R:\47yHBn0;R:\54s7J45,Connect
{P3S4-J3YZ25XZ-7317CNLY},01/02/2010 14:45:21,NVA1748,PC-5945,R:\;R:\NVA1748;R:\511jCl8,Connect
{Q6B4-Q7DR41PX-9499PKHG},01/02/2010 14:45:22,KAD0387,PC-0557,R:\;R:\KAD0387,Connect
{E0X6-X3BQ35DN-0907SOLE},01/02/2010 14:47:15,LNS0317,PC-6671,,Disconnect
{U6N1-O8LO28VR-3113OBNE},01/02/2010 14:49:44,KIS1205,PC-1031,,Disconnect
{A7T9-Z6ZG98LL-9513KWCW},01/02/2010 14:50:45,KAD0387,PC-0557,,Disconnect
{H7P5-G0MR17ZE-0543YOUZ},01/02/2010 14:55:56,KHG0205,PC-1392,R:\;R:\KHG0205;R:\63T9r75;R:\72GlYL0;R:\74yD4K2,Connect
{E5Q9-C7TO51LP-4287YDOH},01/02/2010 14:58:35,DEO1964,PC-3336,,Disconnect
{F0J4-U6OB62DI-8292XVAQ},01/02/2010 14:59:31,DDR1876,PC-4189,R:\;R:\DDR1876;R:\63X64f6;R:\13p5677,Connect
{L2B8-Z1EG00IK-2159OHQN},01/02/2010 14:59:59,NVA1748,PC-5945,,Disconnect
{F9J7-Y8ZN21EV-4298RDHQ},01/02/2010 15:02:27,HRE1950,PC-8025,,Disconnect
{X9G1-M9ET82QY-6998HOBK},01/02/2010 15:03:58,HRR1154,PC-8385,R:\;R:\HRR1154,Connect
{T5H2-N3QR56QU-7470VNWN},01/02/2010 15:04:42,HRR1154,PC-8385,,Disconnect
{M1P1-D9EU00FJ-3974GVTT},01/02/2010 15:05:32,HRR1154,PC-8385,R:\;R:\HRR1154,Connect
{D4A8-V0WM21TY-6000GVKT},01/02/2010 15:06:27,KHG0205,PC-1392,,Disconnect
{U2X0-H1EN27VB-0405VZLD},01/02/2010 15:06:57,ATD0517,PC-4139,R:\;R:\ATD0517;R:\31W1257,Connect
{R1T1-Z4BN51GL-7351BEXF},01/02/2010 15:07:16,HRR1154,PC-8385,,Disconnect
{F2H9-T4KI81XA-5761ZIOZ},01/02/2010 15:07:40,ATD0517,PC-4139,,Disconnect
{Q8Z8-W2KG57WH-5222MQTW},01/02/2010 15:10:36,HRR1154,PC-8385,R:\;R:\HRR1154,Connect
{Y5R9-C5SL62IL-2903EILE},01/02/2010 15:10:56,HRR1154,PC-8385,,Disconnect
{Z9Q0-B2PH42ME-3668EUIT},01/02/2010 15:11:21,OHR0583,PC-0804,R:\;R:\OHR0583;R:\46ym443,Connect
{M1I7-T7IA33KX-1492PMGS},01/02/2010 15:15:09,BDF0015,PC-2477,R:\;R:\BDF0015;R:\53K8R55,Connect
{U9D3-R4IZ86BN-4160PFQG},01/02/2010 15:15:19,HRR1154,PC-8385,R:\;R:\HRR1154,Connect
{F2W0-N1SX03PH-9063NKOS},01/02/2010 15:15:41,HRR1154,PC-8385,,Disconnect
{M6O9-I7ZF30ZB-9946RFUM},01/02/2010 15:18:56,DDR1876,PC-4189,,Disconnect
{V0G0-U1YG28LK-8302LEXX},01/02/2010 15:19:31,BWJ1539,PC-4624,R:\;R:\BWJ1539,Connect
{H0H6-S3CG96QO-5092PLTP},01/02/2010 15:20:07,HRR1154,PC-8385,R:\;R:\HRR1154,Connect
{Q1P0-V6BO51EL-4334RHUW},01/02/2010 15:22:31,BCC1597,PC-2558,R:\;R:\BCC1597,Connect
{W9B2-V9MU69EI-0229BRFO},01/02/2010 15:26:50,HRR1154,PC-8385,,Disconnect
{P7L5-M8DC63KB-5309GLST},01/02/2010 15:28:48,KHG0205,PC-1392,R:\;R:\KHG0205;R:\63T9r75;R:\72GlYL0;R:\74yD4K2,Connect
{J3Y5-Z6MG42BA-5189XMTN},01/02/2010 15:29:19,BCC1597,PC-2558,,Disconnect
{B8V5-U4UM39SP-1559TSIR},01/02/2010 15:31:45,AAB1302,PC-5565,R:\;R:\AAB1302;R:\24qL4d2;R:\67NKsY0;R:\29NV533;R:\56vGn51,Connect
{B2P1-H4CG75VB-3631TFUC},01/02/2010 15:32:00,HRR1154,PC-8385,R:\;R:\HRR1154,Connect
{E9M5-Q1GF37JY-3959IYQR},01/02/2010 15:32:20,AAB1302,PC-5565,,Disconnect
{N5P9-U8RB94NI-1837CJHT},01/02/2010 15:33:08,BWJ1539,PC-4624,,Disconnect
{U4R7-A0FF71PH-6598NVTL},01/02/2010 15:36:04,OHR0583,PC-0804,,Disconnect
{F3K9-V2NP02MZ-1081SFRD},01/02/2010 15:42:00,HRR1154,PC-8385,,Disconnect
{D2F7-Y5EW79SA-2068WABB},01/02/2010 15:44:39,HRR1154,PC-8385,R:\;R:\HRR1154,Connect
{F5E6-J1DG50YB-6686HNFW},01/02/2010 15:45:51,HRR1154,PC-8385,,Disconnect
{H8C0-M3NY16GZ-3768PMGN},01/02/2010 15:48:18,BDF0015,PC-2477,,Disconnect
{J3B1-W2BF49EB-5474MIWP},01/02/2010 15:48:23,KHG0205,PC-1392,,Disconnect
{H4L3-S1SC65XR-7303RVZG},01/02/2010 15:49:05,DDR1876,PC-4189,R:\;R:\DDR1876;R:\63X64f6;R:\13p5677,Connect
{D0M5-N5WD09HP-7956PEZQ},01/02/2010 15:51:14,HRR1154,PC-8385,R:\;R:\HRR1154,Connect
{J9X4-Q4XN82ML-5045LYXL},01/02/2010 15:54:44,HST0084,PC-2600,R:\;R:\HST0084;R:\57D7Cl4;R:\795rvC8;R:\25yPlC0;R:\53XGrH0,Connect
{T0Q2-K5XL84HS-6253HYLF},01/02/2010 15:54:52,GAT1343,PC-8168,R:\;R:\GAT1343;R:\63bZ883;R:\78C6Fv4;R:\61Np213;R:\38Byd31,Connect
{A9V3-H7WB28LC-7117WFPY},01/02/2010 15:57:18,GAT1343,PC-8168,,Disconnect
{P3G6-V1QG22AF-3805IAEB},01/02/2010 16:00:29,HRR1154,PC-8385,,Disconnect
{O7X5-N8TA57DG-3482EBEK},01/02/2010 16:01:52,HRR1154,PC-8385,R:\;R:\HRR1154,Connect
{I8V9-Q4PI99SR-1988RPFD},01/02/2010 16:03:07,GAT1343,PC-8168,R:\;R:\GAT1343;R:\63bZ883;R:\78C6Fv4;R:\61Np213;R:\38Byd31,Connect
{M8B5-L6AR26SD-1798QHFI},01/02/2010 16:04:39,HRR1154,PC-8385,,Disconnect
{L5F4-M6OW82RO-3007XUDF},01/02/2010 16:06:32,HTM1498,PC-6499,R:\;R:\HTM1498;R:\247FQl8;R:\951pT49;R:\99C5nK4,Connect
{Y0Q3-H2RL23WJ-1633AZXA},01/02/2010 16:12:36,GAT1343,PC-8168,,Disconnect
{N7I5-D4IG60XK-2035RUGF},01/02/2010 16:13:31,HST0084,PC-2600,,Disconnect
{X3T0-A3BN17TK-2682RYDE},01/02/2010 16:18:51,LNS0317,PC-6671,R:\;R:\LNS0317;R:\33g5297;R:\34PjS31;R:\82SQ393;R:\28TBwC0,Connect
{V6U0-U2CR64PI-4927TCTE},01/02/2010 16:23:24,NVA1748,PC-5945,R:\;R:\NVA1748;R:\511jCl8,Connect
{E2J4-T4QS59NE-3489QSCZ},01/02/2010 16:24:55,BWJ1539,PC-4624,R:\;R:\BWJ1539,Connect
{U2B3-U4DH85XR-2683YBRX},01/02/2010 16:31:29,LNS0317,PC-6671,,Disconnect
{O0F3-R9ZW10FM-1463PPWK},01/02/2010 16:40:52,NVA1748,PC-5945,,Disconnect
{G5C8-N3LV04LQ-4108KXLU},01/02/2010 16:43:49,NVA1748,PC-5945,R:\;R:\NVA1748;R:\511jCl8,Connect
{X7V0-P7NN48KF-5422ZDKP},01/02/2010 16:46:07,NVA1748,PC-5945,,Disconnect
{B7R6-C1QJ26IS-6557IWTQ},01/02/2010 16:52:00,AAB1302,PC-5565,R:\;R:\AAB1302;R:\24qL4d2;R:\67NKsY0;R:\29NV533;R:\56vGn51,Connect
{P3Q4-J1KD79MH-9752OERN},01/02/2010 16:52:09,DDR1876,PC-4189,,Disconnect
{G6J9-W3KU27KB-2183JNBI},01/02/2010 16:52:42,DDR1876,PC-4189,R:\;R:\DDR1876;R:\63X64f6;R:\13p5677,Connect
{P2Q6-H4DN44WW-9053PJNE},01/02/2010 16:56:26,HTM1498,PC-6499,,Disconnect
{W1Y8-H4NN40II-3726DUBD},01/02/2010 17:00:31,LNS0317,PC-6671,R:\;R:\LNS0317;R:\33g5297;R:\34PjS31;R:\82SQ393;R:\28TBwC0,Connect
{U4K0-D6RZ00SW-8017AQYD},01/02/2010 17:03:37,AAB1302,PC-5565,,Disconnect
{I9B6-U9MX80HB-0730MPOM},01/02/2010 17:04:02,DDR1876,PC-4189,,Disconnect
{P4V9-Q0SG54OT-9585BIOC},01/02/2010 17:15:00,BWJ1539,PC-4624,,Disconnect
{T4A9-D9CO11NH-1194BFVE},01/02/2010 17:15:28,NVA1748,PC-5945,R:\;R:\NVA1748;R:\511jCl8,Connect
{J0Y3-X2JJ29KT-3770IDKS},01/02/2010 17:16:18,NVA1748,PC-5945,,Disconnect
{O6H4-H5YY44ZL-8680FFSD},01/02/2010 17:17:19,NVA1748,PC-5945,R:\;R:\NVA1748;R:\511jCl8,Connect
{W8F0-A8QG15PN-8002XKHU},01/02/2010 17:18:48,NVA1748,PC-5945,,Disconnect
{W0Q2-U9DG49GH-8812XIKF},01/02/2010 17:21:46,BCC1597,PC-2558,R:\;R:\BCC1597,Connect
{I8N1-R0LS68ON-8491JXAU},01/02/2010 17:24:32,KAD0387,PC-0557,R:\;R:\KAD0387,Connect
{Y1Y6-H4RS16SV-3238GLWI},01/02/2010 17:30:08,BCC1597,PC-2558,,Disconnect
{A0C1-X0QW67TA-6190GRLG},01/02/2010 17:31:04,AAB1302,PC-5565,R:\;R:\AAB1302;R:\24qL4d2;R:\67NKsY0;R:\29NV533;R:\56vGn51,Connect
{J9L1-F2HY27HP-0766QGVA},01/02/2010 17:31:05,OCW1127,PC-8053,R:\;R:\OCW1127;R:\52x6317,Connect
{L9V7-I5CW15FN-2127DANX},01/02/2010 17:31:07,OCW1127,PC-8053,,Disconnect
{B3S8-V5GM60NF-5105CUQE},01/02/2010 17:41:32,KAD0387,PC-0557,,Disconnect
{T4U5-M7RS65KK-3980KHJS},01/02/2010 17:44:47,AAB1302,PC-5565,,Disconnect
{J3G2-O1NZ25OO-4650CSLT},01/02/2010 17:45:04,LNS0317,PC-6671,,Disconnect
{B7Q0-K9ZT11SH-2351CXJH},01/02/2010 17:48:58,DHS0204,PC-5749,R:\;R:\DHS0204;R:\34D8wL4;R:\69QmBW0;R:\56qQ5b2;R:\41jNCw0,Connect
{Q1B4-T1VJ45UK-5892GQFO},01/02/2010 17:50:18,BWJ1539,PC-4624,R:\;R:\BWJ1539,Connect
{I8I8-J4NV67UO-7668AUVY},01/02/2010 17:52:27,LNS0317,PC-6671,R:\;R:\LNS0317;R:\33g5297;R:\34PjS31;R:\82SQ393;R:\28TBwC0,Connect
{V1W0-H5WD66RL-3232XBHM},01/02/2010 18:00:50,LNS0317,PC-6671,,Disconnect
{A9F2-H9SQ67TM-7957VASO},01/02/2010 18:05:10,BWJ1539,PC-4624,,Disconnect
{O1J7-S2EE20NI-1300ICRL},01/02/2010 18:15:14,KAD0387,PC-0557,R:\;R:\KAD0387,Connect
{F3A6-Z5DW21TN-9139NUAD},01/02/2010 18:16:16,BCC1597,PC-2558,R:\;R:\BCC1597,Connect
{D6I9-Z1YT65RM-9238MDLB},01/02/2010 18:17:47,DHS0204,PC-5749,,Disconnect
{F3F0-C4QU02UL-0035QSMV},01/02/2010 18:17:55,BCC1597,PC-2558,,Disconnect
{N7Y8-X9IU14ZI-5869VZUJ},01/02/2010 18:22:31,BCC1597,PC-2558,R:\;R:\BCC1597,Connect
{G1O2-N0UV95ZF-6212XOVU},01/02/2010 18:31:31,AAB1302,PC-5565,R:\;R:\AAB1302;R:\24qL4d2;R:\67NKsY0;R:\29NV533;R:\56vGn51,Connect
{Y1G0-P0US71OY-6707WFJS},01/02/2010 18:38:37,KAD0387,PC-0557,,Disconnect
{Z1Q1-L3IY82VE-4858BIYJ},01/02/2010 18:47:57,BCC1597,PC-2558,,Disconnect
{F1E5-O3FV83AL-9000UOBK},01/02/2010 18:48:27,KHG0205,PC-1392,R:\;R:\KHG0205;R:\63T9r75;R:\72GlYL0;R:\74yD4K2,Connect
{X6R1-X8IN05VY-2422RTOO},01/02/2010 18:51:28,AAB1302,PC-5565,,Disconnect
{E8D8-X5NB52VQ-5232FIDW},01/02/2010 19:13:36,VRP0267,PC-8461,R:\;R:\VRP0267;R:\45L8257;R:\61x91b6,Connect
{D6N2-Q7AQ72QE-8390NKKX},01/02/2010 19:14:23,BCC1597,PC-2558,R:\;R:\BCC1597,Connect
{B1E2-Z3MS26GZ-5290QMFQ},01/02/2010 19:15:49,VRP0267,PC-8461,,Disconnect
{G8W8-R5IX62EU-1712UZFU},01/02/2010 19:17:41,KHG0205,PC-1392,,Disconnect
{K3K6-S4AY40RZ-6920URKU},01/02/2010 19:22:47,BCC1597,PC-2558,,Disconnect
{F6M1-N5CZ99EH-8977UHTQ},01/02/2010 19:48:04,KHG0205,PC-1392,R:\;R:\KHG0205;R:\63T9r75;R:\72GlYL0;R:\74yD4K2,Connect
{S5T1-Q4OX66QW-0779YTXK},01/02/2010 19:51:49,KHG0205,PC-1392,,Disconnect
{L3Y8-A7QY74SX-1915AOTP},01/02/2010 21:27:29,JRS0674,PC-7426,R:\;R:\JRS0674;R:\51b3CQ4;R:\38q8717;R:\28m28y6;R:\42ndry0,Connect
{S3Y6-G4EA31AW-4125BDKE},01/02/2010 21:41:10,JRS0674,PC-7426,,Disconnect
{P7V4-W2QB19PV-4652XYPX},01/02/2010 22:02:22,VRP0267,PC-4916,R:\;R:\VRP0267;R:\45L8257;R:\61x91b6,Connect
{U3W6-Y4AN87OS-1151TVPC},01/02/2010 22:02:24,VRP0267,PC-4916,,Disconnect
{Q4J2-G5OI74UN-8754XPXQ},01/02/2010 22:30:16,VRP0267,PC-0530,R:\;R:\VRP0267;R:\45L8257;R:\61x91b6,Connect
{B0A3-P2HF80HY-7891KDTB},01/02/2010 22:34:07,VRP0267,PC-0530,,Disconnect
{A2T3-G5FZ13ES-8545NEIL},01/02/2010 23:05:47,VRP0267,PC-1985,R:\;R:\VRP0267;R:\45L8257;R:\61x91b6,Connect
{Y8C8-W8AW08WZ-7256JHIP},01/02/2010 23:10:27,VRP0267,PC-1985,,Disconnect
{Z0O4-U0SA98AA-9062EBEL},01/03/2010 07:50:10,HRE1950,PC-8025,R:\;R:\HRE1950;R:\47yHBn0;R:\54s7J45,Connect
{U4D2-I3CV52HE-6162VIZB},01/03/2010 07:51:54,IQT0352,PC-2822,R:\;R:\IQT0352;R:\15VD3X2,Connect
{N6P8-Z9KQ30CS-6443ZLRA},01/03/2010 08:15:19,JDB1163,PC-3342,R:\;R:\JDB1163,Connect
{A0Y5-I4ZI41ON-3291FXPU},01/03/2010 08:24:02,HRE1950,PC-8025,,Disconnect
{P1R2-T2VW23LN-2953AIFZ},01/03/2010 08:28:01,ATD0517,PC-4139,R:\;R:\ATD0517;R:\31W1257,Connect
{G0O3-X6JS76VV-6892OWQE},01/03/2010 08:34:13,ATD0517,PC-4139,,Disconnect
{C8Z1-L5ZC31XL-9868XWQE},01/03/2010 08:38:01,LNS0317,PC-6671,R:\;R:\LNS0317;R:\33g5297;R:\34PjS31;R:\82SQ393;R:\28TBwC0,Connect
{J4E6-U6UL42NN-0706OWWL},01/03/2010 08:41:06,WIR1720,PC-9375,R:\;R:\WIR1720;R:\55Jkgw0;R:\24QR3j2;R:\36Z3157;R:\76Yxc91,Connect
{C1G5-T9UZ80CW-9725PVWD},01/03/2010 08:41:36,AVH1217,PC-6822,R:\;R:\AVH1217,Connect
{C4T8-Q3PG47JT-9452TCYH},01/03/2010 08:49:11,LNS0317,PC-6671,,Disconnect
{F7X3-I9ZF99TV-8536SGLX},01/03/2010 08:52:04,HRE1950,PC-8025,R:\;R:\HRE1950;R:\47yHBn0;R:\54s7J45,Connect
{C2J4-F3RW35KH-9196FKXF},01/03/2010 08:53:42,WIR1720,PC-9375,,Disconnect
{T6L8-M7BB16AY-6444LAHA},01/03/2010 08:54:18,MAB1340,PC-1272,R:\;R:\MAB1340;R:\93xPXY0;R:\29Z1tL4;R:\44Ft583;R:\49Lkn51,Connect
{Y3F6-K2ZB78YK-2255QDOX},01/03/2010 08:56:34,HRE1950,PC-8025,,Disconnect
{B3F3-Z4DG83IF-7924CFEL},01/03/2010 09:00:26,MAB1340,PC-1272,,Disconnect
{F2D1-K9OL61BX-6904YGDZ},01/03/2010 09:02:14,MAB1340,PC-1272,R:\;R:\MAB1340;R:\93xPXY0;R:\29Z1tL4;R:\44Ft583;R:\49Lkn51,Connect
{S0R3-A4VL17NA-3943OWJF},01/03/2010 09:10:22,AVH1217,PC-6822,,Disconnect
{X5Y2-D3YM74CV-8568HSJQ},01/03/2010 09:17:06,ATD0517,PC-4139,R:\;R:\ATD0517;R:\31W1257,Connect
{A2U8-P4CD98FT-5925DEBL},01/03/2010 09:22:01,MAB1340,PC-1272,,Disconnect
{Z4I8-J9DM96ZO-2465MSLF},01/03/2010 09:23:20,HRE1950,PC-8025,R:\;R:\HRE1950;R:\47yHBn0;R:\54s7J45,Connect
{I1S9-J6NF75HL-1261ZUTR},01/03/2010 09:26:44,ATD0517,PC-4139,,Disconnect
{Y4T8-Z3NK39TO-9298QJSR},01/03/2010 09:27:38,DEO1964,PC-3336,R:\;R:\DEO1964;R:\97k4Jq4,Connect
{J9R1-Y8TF11IR-9651IVOF},01/03/2010 09:35:59,ATD0517,PC-4139,R:\;R:\ATD0517;R:\31W1257,Connect
{F1D7-O0HG61RJ-9759RHCK},01/03/2010 09:36:46,DEO1964,PC-3336,,Disconnect
{U4K8-S8ZB89QB-5554CLWC},01/03/2010 09:37:03,KSS1005,PC-5932,R:\;R:\KSS1005;R:\51N7k55;R:\24mtcM0;R:\88TTJW0,Connect
{R9Z1-J6PD13MU-3597NXDF},01/03/2010 09:37:44,GAT1343,PC-8168,R:\;R:\GAT1343;R:\63bZ883;R:\78C6Fv4;R:\61Np213;R:\38Byd31,Connect
{G4Z1-F7SJ69OY-1606FYAC},01/03/2010 09:40:59,KAD0387,PC-0557,R:\;R:\KAD0387,Connect
{B2P3-R3WF06KS-0229YFDT},01/03/2010 09:41:54,LRV1554,PC-7745,R:\;R:\LRV1554;R:\58H4Fc4;R:\83C3C65;R:\94s4T15,Connect
{Y0Q0-I3PI68FM-8651PKQG},01/03/2010 09:43:16,IQT0352,PC-2822,,Disconnect
{J0A6-X5HS60CS-0252FBUD},01/03/2010 09:43:29,GAT1343,PC-8168,,Disconnect
{W8L1-T7IB34KO-8407TZMH},01/03/2010 09:45:19,ATD0517,PC-4139,,Disconnect
{Y7X6-U8NX67RV-5459XDGL},01/03/2010 09:47:53,KSS1005,PC-5932,,Disconnect
{E5T4-P0CA45YN-6374RXBY},01/03/2010 09:49:42,HRE1950,PC-8025,,Disconnect
{M0A3-M6OM50RB-6880DDAV},01/03/2010 09:50:49,HBR1528,PC-3311,R:\;R:\HBR1528;R:\353yks8;R:\97Sz1s2,Connect
{K9S8-K9NC97ZS-3034AKCM},01/03/2010 09:52:21,JDB1163,PC-3342,,Disconnect
{B1L8-H3TG19QT-1056YDVL},01/03/2010 09:52:36,LNS0317,PC-6671,R:\;R:\LNS0317;R:\33g5297;R:\34PjS31;R:\82SQ393;R:\28TBwC0,Connect
{H9W3-M0VY32SH-5950OAJH},01/03/2010 09:55:35,LNS0317,PC-6671,,Disconnect
{O8Z8-V3BU75QN-2279CYYK},01/03/2010 09:58:20,KDC1240,PC-3537,R:\;R:\KDC1240,Connect
{Y5H2-E6PZ75MS-4502YKZH},01/03/2010 10:02:58,KAD0387,PC-0557,,Disconnect
{Z3S7-E3AW03HY-7779TLBP},01/03/2010 10:07:04,GAT1343,PC-8168,R:\;R:\GAT1343;R:\63bZ883;R:\78C6Fv4;R:\61Np213;R:\38Byd31,Connect
{E2Q2-S7GE58MA-1782PHGL},01/03/2010 10:08:39,GAT1343,PC-8168,,Disconnect
{E3R6-M9WK85GO-5058HXOH},01/03/2010 10:10:46,KDC1240,PC-3537,,Disconnect
{D5N4-Q9EE64XE-2203NZYR},01/03/2010 10:21:47,KAD0387,PC-0557,R:\;R:\KAD0387,Connect
{G3P7-K5ZP22MO-9791IEJZ},01/03/2010 10:24:23,KAD0387,PC-0557,,Disconnect
{L2J1-K4OF21JY-8468YUKE},01/03/2010 10:26:22,LRV1554,PC-7745,,Disconnect
{O4W7-Z7AY17DH-7388NQYL},01/03/2010 10:37:43,HRE1950,PC-8025,R:\;R:\HRE1950;R:\47yHBn0;R:\54s7J45,Connect
{J6A3-S9JU79VI-0187UIKH},01/03/2010 10:41:20,HBR1528,PC-3311,,Disconnect
{G0S3-C8DV32TM-3441SBUN},01/03/2010 10:45:46,LNS0317,PC-6671,R:\;R:\LNS0317;R:\33g5297;R:\34PjS31;R:\82SQ393;R:\28TBwC0,Connect
{X3R1-O0ZZ99NL-5935LJEP},01/03/2010 10:54:51,HRE1950,PC-8025,,Disconnect
{A2Z4-H9ZC23WG-9064MQWO},01/03/2010 11:09:16,CBD1574,PC-9687,R:\;R:\CBD1574,Connect
{U9A0-U1BI21EP-1381ZIUF},01/03/2010 11:24:42,HBR1528,PC-3311,R:\;R:\HBR1528;R:\353yks8;R:\97Sz1s2,Connect
{J7T8-O8UZ06TQ-9003HSCF},01/03/2010 11:35:59,LNS0317,PC-6671,,Disconnect
{S0B4-R8WS03BT-4173YUOT},01/03/2010 11:37:15,HBR1528,PC-3311,,Disconnect
{Y9E4-W7FR82TJ-2208MGIG},01/03/2010 11:41:55,NJB0011,PC-2311,R:\;R:\NJB0011;R:\62rmd81;R:\24Kzg71;R:\45jyqD0;R:\87wqzV0,Connect
{K7W2-Q5OL43MR-6473ESKQ},01/03/2010 11:48:07,HRE1950,PC-8025,R:\;R:\HRE1950;R:\47yHBn0;R:\54s7J45,Connect
{R1V3-Y3NT61XK-0359QZMC},01/03/2010 11:53:54,HBR1528,PC-3311,R:\;R:\HBR1528;R:\353yks8;R:\97Sz1s2,Connect
{A6D2-B2FO06QL-5082WIBV},01/03/2010 11:55:14,NJB0011,PC-2311,,Disconnect
{W4Q0-Y8LS23EX-4215GREY},01/03/2010 11:56:00,WIR1720,PC-9375,R:\;R:\WIR1720;R:\55Jkgw0;R:\24QR3j2;R:\36Z3157;R:\76Yxc91,Connect
{U9C6-Y7YT60GW-4348PQFE},01/03/2010 11:58:00,HBR1528,PC-3311,,Disconnect
{E9O2-S3AE28IF-8140RKAI},01/03/2010 11:59:11,HRE1950,PC-8025,,Disconnect
{I6H1-F7LM34FZ-4425PXFK},01/03/2010 12:00:19,WIR1720,PC-9375,,Disconnect
{S6O8-S6AH20EA-4342KZKU},01/03/2010 12:07:13,GAT1343,PC-8168,R:\;R:\GAT1343;R:\63bZ883;R:\78C6Fv4;R:\61Np213;R:\38Byd31,Connect
{L6U9-K1VX78AM-1526ZZSR},01/03/2010 12:09:17,HRE1950,PC-8025,R:\;R:\HRE1950;R:\47yHBn0;R:\54s7J45,Connect
{G8I8-B9UW23GA-9519ZDTS},01/03/2010 12:09:32,LTS1378,PC-8792,R:\;R:\LTS1378;R:\436HJF8;R:\89t9187,Connect
{K8D0-U5YP79PT-9902MCCP},01/03/2010 12:13:05,WIR1720,PC-9375,R:\;R:\WIR1720;R:\55Jkgw0;R:\24QR3j2;R:\36Z3157;R:\76Yxc91,Connect
{I0C4-I0EY98EM-5595LCFL},01/03/2010 12:13:59,GAT1343,PC-8168,,Disconnect
{T9O9-N1PQ60DG-0919ZODT},01/03/2010 12:16:42,HST0084,PC-2600,R:\;R:\HST0084;R:\57D7Cl4;R:\795rvC8;R:\25yPlC0;R:\53XGrH0,Connect
{B5A8-X4XS95TV-9795HSTE},01/03/2010 12:17:56,HRE1950,PC-8025,,Disconnect
{V6U8-A2QW06MV-7261ZCMJ},01/03/2010 12:23:03,GAT1343,PC-8168,R:\;R:\GAT1343;R:\63bZ883;R:\78C6Fv4;R:\61Np213;R:\38Byd31,Connect
{Q5A0-K3PI95RB-9986PVSC},01/03/2010 12:25:58,ATD0517,PC-4139,R:\;R:\ATD0517;R:\31W1257,Connect
{B3H8-K4YZ28XR-1471JHDN},01/03/2010 12:39:52,KSS1005,PC-5932,R:\;R:\KSS1005;R:\51N7k55;R:\24mtcM0;R:\88TTJW0,Connect
{K7O7-S8ZM33SS-8629TAGX},01/03/2010 12:40:21,ATD0517,PC-4139,,Disconnect
{G2A7-F0JX97XS-0200GASF},01/03/2010 12:40:45,LTS1378,PC-8792,,Disconnect
{G0P3-K1PG46SQ-8936ROER},01/03/2010 12:41:10,WIR1720,PC-9375,,Disconnect
{Q3W1-I1UH70NB-5291EGKU},01/03/2010 12:41:11,GAT1343,PC-8168,,Disconnect
{S1G2-Z9TP95GR-9884PXFM},01/03/2010 12:46:43,KSS1005,PC-5932,,Disconnect
{H4Z4-Y6AN43NK-8261VDHC},01/03/2010 12:53:31,LNS0317,PC-6671,R:\;R:\LNS0317;R:\33g5297;R:\34PjS31;R:\82SQ393;R:\28TBwC0,Connect
{A5D7-Z5RV84UJ-7002UKCL},01/03/2010 12:58:49,HST0084,PC-2600,,Disconnect
{C0A4-T2UN08RB-9687TYMA},01/03/2010 13:00:21,LNS0317,PC-6671,,Disconnect
{F0Z1-I5CW61HH-5899YJXS},01/03/2010 13:06:24,CBD1574,PC-9687,,Disconnect
{C3J8-T0HJ11DC-0485CXDE},01/03/2010 13:07:40,GAT1343,PC-8168,R:\;R:\GAT1343;R:\63bZ883;R:\78C6Fv4;R:\61Np213;R:\38Byd31,Connect
{A5Q8-P1LF03HU-7610LSXI},01/03/2010 13:11:50,LTS1378,PC-8792,R:\;R:\LTS1378;R:\436HJF8;R:\89t9187,Connect
{Q4B9-F7CG25MO-5416MACL},01/03/2010 13:14:56,GAT1343,PC-8168,,Disconnect
{M0S5-R1BE07MJ-7938DXTA},01/03/2010 13:25:43,ATD0517,PC-4139,R:\;R:\ATD0517;R:\31W1257,Connect
{M9C3-S2OS88JB-3652GEMR},01/03/2010 13:26:47,VCF1602,PC-2228,R:\;R:\VCF1602,Connect
{U0W4-W7SP94LL-2425LTMG},01/03/2010 13:28:51,HRE1950,PC-8025,R:\;R:\HRE1950;R:\47yHBn0;R:\54s7J45,Connect
{O6R1-Z6OB83AS-4209UAWG},01/03/2010 13:29:49,ATD0517,PC-4139,,Disconnect
{V6H0-O9SF60UB-7675VELH},01/03/2010 13:34:16,VCF1602,PC-2228,,Disconnect
{Z5L6-J7NF62KX-5346TKZU},01/03/2010 13:37:00,ATD0517,PC-4139,R:\;R:\ATD0517;R:\31W1257,Connect
{Y5C6-P5CW66KK-3253OYQT},01/03/2010 13:40:08,HBR1528,PC-3311,R:\;R:\HBR1528;R:\353yks8;R:\97Sz1s2,Connect
{U5L2-E6GO90IC-1781QATZ},01/03/2010 13:40:09,VCF1602,PC-2228,R:\;R:\VCF1602,Connect
{W9T1-S1RK28HJ-1329WXHZ},01/03/2010 13:41:11,VCF1602,PC-2228,,Disconnect
{R1Y9-T2VS59LK-5014CUZF},01/03/2010 13:43:10,HRE1950,PC-8025,,Disconnect
{D4U3-A0VW22OG-2062QBAH},01/03/2010 13:46:57,KAD0387,PC-0557,R:\;R:\KAD0387,Connect
{Y7C7-E9WG78GO-6348YJKE},01/03/2010 13:53:13,HBR1528,PC-3311,,Disconnect
{O0U6-A0YU70KY-1711SLDP},01/03/2010 13:53:25,KAD0387,PC-0557,,Disconnect
{E7C8-K8NF41SS-8548TYFU},01/03/2010 13:55:07,WIR1720,PC-9375,R:\;R:\WIR1720;R:\55Jkgw0;R:\24QR3j2;R:\36Z3157;R:\76Yxc91,Connect
{R7Q6-D3XM59BZ-9024XNDZ},01/03/2010 13:55:27,VCF1602,PC-2228,R:\;R:\VCF1602,Connect
{S3Q7-T5EQ01JX-0974SOIA},01/03/2010 14:02:02,VCF1602,PC-2228,,Disconnect
{O7L5-S8DM22FK-9824ZZGO},01/03/2010 14:02:29,VCF1602,PC-2228,R:\;R:\VCF1602,Connect
{R7H5-G3PI13ID-1676QDAP},01/03/2010 14:03:36,LTS1378,PC-8792,,Disconnect
{Z6I5-H2QH01OG-7061QMFX},01/03/2010 14:10:02,DCR1648,PC-8873,R:\;R:\DCR1648;R:\135vhv8;R:\81z1pz4;R:\98R73n6,Connect
{X3E7-L5DA01JL-0755OPPA},01/03/2010 14:11:33,ATD0517,PC-4139,,Disconnect
{Z0F1-E3BD36MA-1315RRYS},01/03/2010 14:12:48,LNS0317,PC-6671,R:\;R:\LNS0317;R:\33g5297;R:\34PjS31;R:\82SQ393;R:\28TBwC0,Connect
{T9B0-C3RM77IG-9632KDSJ},01/03/2010 14:13:20,DCR1648,PC-8873,,Disconnect
{P8Y9-L4RH36GR-2502NAFA},01/03/2010 14:16:26,LNS0317,PC-6671,,Disconnect
{K3R4-X2EZ75UR-1173EKVA},01/03/2010 14:17:12,GAT1343,PC-8168,R:\;R:\GAT1343;R:\63bZ883;R:\78C6Fv4;R:\61Np213;R:\38Byd31,Connect
{A0K8-Y3OO71TA-8438JNAO},01/03/2010 14:17:35,WTC0699,PC-9950,R:\;R:\WTC0699,Connect
{K7J7-P2CT00IY-3957PXLW},01/03/2010 14:22:53,GAT1343,PC-8168,,Disconnect
{S5M8-N4NL49HQ-8590WVBP},01/03/2010 14:26:20,GAT1343,PC-8168,R:\;R:\GAT1343;R:\63bZ883;R:\78C6Fv4;R:\61Np213;R:\38Byd31,Connect
{S0Y0-I4WN34MY-3860KUWA},01/03/2010 14:28:31,VCF1602,PC-2228,,Disconnect
{D1Z3-P1DC16JT-3571COUJ},01/03/2010 14:28:54,VCF1602,PC-2228,R:\;R:\VCF1602,Connect
{S2B3-P2JU08BK-3536RBIT},01/03/2010 14:32:05,KAD0387,PC-0557,R:\;R:\KAD0387,Connect
{D1A4-Z6CN47XG-1674LUKH},01/03/2010 14:32:18,HRE1950,PC-8025,R:\;R:\HRE1950;R:\47yHBn0;R:\54s7J45,Connect
{K1J4-R4GG38YA-6603VQAL},01/03/2010 14:33:25,ATD0517,PC-4139,R:\;R:\ATD0517;R:\31W1257,Connect
{B5T8-H6SC88OB-0052KYRR},01/03/2010 14:39:36,WIR1720,PC-9375,,Disconnect
{K1V4-V5QM11NK-7534THZW},01/03/2010 14:40:28,VCF1602,PC-2228,,Disconnect
{F2W8-H8CK13NB-4607XRIS},01/03/2010 14:40:50,KAD0387,PC-0557,,Disconnect
{C7Q2-H6WE27GB-3604KEMH},01/03/2010 14:42:37,LNS0317,PC-6671,R:\;R:\LNS0317;R:\33g5297;R:\34PjS31;R:\82SQ393;R:\28TBwC0,Connect
{K0I8-R7YS36KR-8197RKJW},01/03/2010 14:44:06,GAT1343,PC-8168,,Disconnect
{T5X0-B0CW14JG-7281WFIJ},01/03/2010 14:45:58,ATD0517,PC-4139,,Disconnect
{Z9W3-H6XD40HT-4502OLHY},01/03/2010 14:46:52,ATD0517,PC-4139,R:\;R:\ATD0517;R:\31W1257,Connect
{I5V6-N2IF59IP-0213YKZL},01/03/2010 14:48:39,HRE1950,PC-8025,,Disconnect
{B2Z2-R9ZJ30WY-0436UPQG},01/03/2010 14:52:36,ATD0517,PC-4139,,Disconnect
{V6W1-G3OW21KP-0819MRFU},01/03/2010 14:59:32,HBR1528,PC-3311,R:\;R:\HBR1528;R:\353yks8;R:\97Sz1s2,Connect
{M7W5-A9JD29UD-8066FFHI},01/03/2010 15:03:11,ARD0538,PC-5216,R:\;R:\ARD0538,Connect
{J1Q6-N9BB85SO-2705GKMO},01/03/2010 15:03:31,WTC0699,PC-9950,,Disconnect
{W9W4-H0MN38OH-4142LSFA},01/03/2010 15:07:46,ARD0538,PC-5216,,Disconnect
{Q4O8-R2KT02ME-9233CJLJ},01/03/2010 15:12:24,CBD1574,PC-9687,R:\;R:\CBD1574,Connect
{Z2E8-L3FG70PO-3283KHMR},01/03/2010 15:15:59,KSS1005,PC-5932,R:\;R:\KSS1005;R:\51N7k55;R:\24mtcM0;R:\88TTJW0,Connect
{U1P2-D6FE16VC-5113KQLE},01/03/2010 15:19:36,LNS0317,PC-6671,,Disconnect
{F3H7-I5HX27CU-6387GCWU},01/03/2010 15:20:17,KSS1005,PC-5932,,Disconnect
{Z6B2-N6NC85RS-3560SMQV},01/03/2010 15:22:29,WIR1720,PC-9375,R:\;R:\WIR1720;R:\55Jkgw0;R:\24QR3j2;R:\36Z3157;R:\76Yxc91,Connect
{I8F9-Z8KJ82DK-6059BDDE},01/03/2010 15:27:58,AKS0586,PC-5335,R:\;R:\AKS0586,Connect
{B7N7-A2HS26CH-2459SERU},01/03/2010 15:28:21,WTC0699,PC-9950,R:\;R:\WTC0699,Connect
{H3G1-Z1DJ60JY-3771KSMQ},01/03/2010 15:28:42,HBR1528,PC-3311,,Disconnect
{C4Z7-E8QK46PD-4272DJFT},01/03/2010 15:28:44,EZB0925,PC-2231,R:\;R:\EZB0925;R:\58p7r95,Connect
{E4F3-R6JL72SP-7533CSOO},01/03/2010 15:28:50,EZB0925,PC-2231,,Disconnect
{M8Z7-C4XU48IK-6689EWHI},01/03/2010 15:32:17,LNS0317,PC-6671,R:\;R:\LNS0317;R:\33g5297;R:\34PjS31;R:\82SQ393;R:\28TBwC0,Connect
{A0A7-U8LI32WK-6447AJTG},01/03/2010 15:35:57,KAD0387,PC-0557,R:\;R:\KAD0387,Connect
{D9T3-Q3WA09MK-4401KQSZ},01/03/2010 15:36:04,NJB0011,PC-2311,R:\;R:\NJB0011;R:\62rmd81;R:\24Kzg71;R:\45jyqD0;R:\87wqzV0,Connect
{O6X7-Y7MF62CH-1045AXGP},01/03/2010 15:36:10,KAD0387,PC-0557,,Disconnect
{M0O5-U6RH36YE-3738HZTS},01/03/2010 15:39:33,AKS0586,PC-5335,,Disconnect
{Y3Y1-Z2RY23LO-9770SBSV},01/03/2010 15:39:47,LNS0317,PC-6671,,Disconnect
{Q8N2-C1UK23KG-2770PICF},01/03/2010 15:41:07,GAT1343,PC-8168,R:\;R:\GAT1343;R:\63bZ883;R:\78C6Fv4;R:\61Np213;R:\38Byd31,Connect
{Z8C7-X4RD40EQ-4098XGKK},01/03/2010 15:43:34,KAD0387,PC-0557,R:\;R:\KAD0387,Connect
{G9X1-H7TQ11IQ-8988RMRW},01/03/2010 15:44:09,HBR1528,PC-3311,R:\;R:\HBR1528;R:\353yks8;R:\97Sz1s2,Connect
{W3Z1-O4TB02EU-9563ZYQM},01/03/2010 15:47:05,ATD0517,PC-4139,R:\;R:\ATD0517;R:\31W1257,Connect
{K6R3-N5XE83CR-2315XPJV},01/03/2010 15:47:29,HBR1528,PC-3311,,Disconnect
{A4W6-H9AG86DK-7742IEER},01/03/2010 15:48:21,CBD1574,PC-9687,,Disconnect
{K7A3-T0RO90SL-4408NELS},01/03/2010 15:50:32,CBD1574,PC-9687,R:\;R:\CBD1574,Connect
{I5H3-H7SO25AV-0123ZWKE},01/03/2010 15:51:26,WTC0699,PC-9950,,Disconnect
{D5P2-W8UU52AH-8324STGA},01/03/2010 15:51:52,AEG0962,PC-9155,R:\;R:\AEG0962;R:\87cc1B2,Connect
{F6S9-Y0WI46HU-8173WEBY},01/03/2010 15:54:40,HTM1498,PC-6499,R:\;R:\HTM1498;R:\247FQl8;R:\951pT49;R:\99C5nK4,Connect
{Q1X9-Z1UX16UH-3807AJEJ},01/03/2010 15:55:29,AEG0962,PC-9155,,Disconnect
{O4G5-J9HF22NI-4072YHIK},01/03/2010 15:56:08,ATD0517,PC-4139,,Disconnect
{K0X1-U2UU70IA-4970DVGV},01/03/2010 15:59:09,WTC0699,PC-9950,R:\;R:\WTC0699,Connect
{A7O1-D8DH46JD-2814ESHI},01/03/2010 16:03:17,HST0084,PC-2600,R:\;R:\HST0084;R:\57D7Cl4;R:\795rvC8;R:\25yPlC0;R:\53XGrH0,Connect
{J7W5-W5QS41VU-3273IQKG},01/03/2010 16:03:57,DCR1648,PC-8873,R:\;R:\DCR1648;R:\135vhv8;R:\81z1pz4;R:\98R73n6,Connect
{Y3P6-P9OV83XG-2598JTHC},01/03/2010 16:04:46,HST0084,PC-2600,,Disconnect
{O2G2-C4EZ68YY-0561GWWC},01/03/2010 16:10:27,HBR1528,PC-3311,R:\;R:\HBR1528;R:\353yks8;R:\97Sz1s2,Connect
{D4W1-T0HZ52CA-5425GJHF},01/03/2010 16:11:19,GAT1343,PC-8168,,Disconnect
{C7W5-G4SG07WJ-0410QVGD},01/03/2010 16:16:22,GAT1343,PC-8168,R:\;R:\GAT1343;R:\63bZ883;R:\78C6Fv4;R:\61Np213;R:\38Byd31,Connect
{P2C0-M9HL62SY-4244PHWN},01/03/2010 16:16:53,KAD0387,PC-0557,,Disconnect
{B5Q0-M7ZX75KH-0006NSQJ},01/03/2010 16:18:32,SFA1912,PC-5868,R:\;R:\SFA1912,Connect
{M9B2-A1JK54XH-0861XPUM},01/03/2010 16:21:48,GAT1343,PC-8168,,Disconnect
{W7U0-F0DA85BZ-8506CEYJ},01/03/2010 16:22:57,NJB0011,PC-2311,,Disconnect
{N9S9-H3SF10UC-6153JCNL},01/03/2010 16:24:26,HBR1528,PC-3311,,Disconnect
{G1G5-Q1VS17AB-6602OPAA},01/03/2010 16:26:57,HBR1528,PC-3311,R:\;R:\HBR1528;R:\353yks8;R:\97Sz1s2,Connect
{G7J6-U7FM23BJ-6449YTXF},01/03/2010 16:30:41,LRV1554,PC-7745,R:\;R:\LRV1554;R:\58H4Fc4;R:\83C3C65;R:\94s4T15,Connect
{L2U3-S0NQ26QL-8809UGNT},01/03/2010 16:32:50,HTM1498,PC-6499,,Disconnect
{Q1G3-O2KR93UK-2600ATKV},01/03/2010 16:33:28,CBD1574,PC-9687,,Disconnect
{W0M3-K8YY34CO-6665GAIX},01/03/2010 16:39:11,DCR1648,PC-8873,,Disconnect
{Q3Y1-Y9SC12MB-2466BTLS},01/03/2010 16:39:44,WTC0699,PC-9950,,Disconnect
{H9S0-O5DA99BD-8372SFDN},01/03/2010 16:40:04,WIR1720,PC-9375,,Disconnect
{H0I8-N0FY75UO-6936XUNA},01/03/2010 16:46:56,WTC0699,PC-9950,R:\;R:\WTC0699,Connect
{Y4X9-V5BO56MZ-5658SVLF},01/03/2010 16:48:42,WTC0699,PC-9950,,Disconnect
{N1K0-F7GC83LN-4660UOWK},01/03/2010 16:53:04,WIR1720,PC-9375,R:\;R:\WIR1720;R:\55Jkgw0;R:\24QR3j2;R:\36Z3157;R:\76Yxc91,Connect
{I6D1-K3HX31BL-4304FNEA},01/03/2010 16:54:53,KSS1005,PC-5932,R:\;R:\KSS1005;R:\51N7k55;R:\24mtcM0;R:\88TTJW0,Connect
{I2N0-Y5FE83NI-9915BRCH},01/03/2010 16:55:50,WIR1720,PC-9375,,Disconnect
{A4K7-A4QY13QH-1887VLVI},01/03/2010 16:57:11,WIR1720,PC-9375,R:\;R:\WIR1720;R:\55Jkgw0;R:\24QR3j2;R:\36Z3157;R:\76Yxc91,Connect
{M3L2-V1FV84YK-0614XWBZ},01/03/2010 16:59:48,LNS0317,PC-6671,R:\;R:\LNS0317;R:\33g5297;R:\34PjS31;R:\82SQ393;R:\28TBwC0,Connect
{G6X0-K5UA30PO-9898FYCI},01/03/2010 17:00:39,KSS1005,PC-5932,,Disconnect
{B7O9-U1QJ89WD-0568YMKO},01/03/2010 17:01:41,VRP0267,PC-8666,R:\;R:\VRP0267;R:\45L8257;R:\61x91b6,Connect
{D4L7-U6OZ21CF-3506OVNY},01/03/2010 17:02:08,LRV1554,PC-7745,,Disconnect
{M1R2-I4OH85XQ-3023WUQD},01/03/2010 17:02:58,VRP0267,PC-8666,,Disconnect
{R6B4-Y5JU04OJ-7567JBKF},01/03/2010 17:03:09,WIR1720,PC-9375,,Disconnect
{H7W4-A9CQ69BM-0268KLQD},01/03/2010 17:17:37,HBR1528,PC-3311,,Disconnect
{P8B5-V4YW68ZU-1493QFXB},01/03/2010 17:33:08,HBR1528,PC-3311,R:\;R:\HBR1528;R:\353yks8;R:\97Sz1s2,Connect
{J1D6-O0XM63ZX-8826KVLL},01/03/2010 17:33:22,HBR1528,PC-3311,,Disconnect
{Z6S7-H1JE13WB-9096NTRE},01/03/2010 17:34:52,WIR1720,PC-9375,R:\;R:\WIR1720;R:\55Jkgw0;R:\24QR3j2;R:\36Z3157;R:\76Yxc91,Connect
{C7X6-I4QO72TQ-0026LHSY},01/03/2010 17:36:17,LRV1554,PC-7745,R:\;R:\LRV1554;R:\58H4Fc4;R:\83C3C65;R:\94s4T15,Connect
{J2L1-F0AU29BQ-9003IIJV},01/03/2010 17:37:18,LNS0317,PC-6671,,Disconnect
{D8J4-G2KQ04VT-7666XLUU},01/03/2010 17:48:45,LRV1554,PC-7745,,Disconnect
{O5M4-K2OI07QP-2795FTRK},01/03/2010 17:49:53,WIR1720,PC-9375,,Disconnect
{B6N9-F8SW90HG-5721CVZH},01/03/2010 17:50:42,SFA1912,PC-5868,,Disconnect
{Z1R8-M1VY53ES-0381WWXM},01/03/2010 17:52:43,KAD0387,PC-0557,R:\;R:\KAD0387,Connect
{I2G1-Z2QF48KZ-8188WWCV},01/03/2010 17:59:43,KAD0387,PC-0557,,Disconnect
{E4K1-E2XZ75JW-3502XWVK},01/03/2010 18:00:37,KAD0387,PC-0557,R:\;R:\KAD0387,Connect
{V0M6-R0EH82CS-1641PLDI},01/03/2010 18:01:25,WTC0699,PC-9950,R:\;R:\WTC0699,Connect
{Y7G2-Q4TE60DL-7690GYSX},01/03/2010 18:09:17,KAD0387,PC-0557,,Disconnect
{U4H8-S2GP35OO-5639PZEZ},01/03/2010 18:11:46,WTC0699,PC-9950,,Disconnect
{E8J6-N6YD35CH-7354DSWL},01/03/2010 18:17:27,KAD0387,PC-0557,R:\;R:\KAD0387,Connect
{C8W6-P2JO59OR-8270OHCP},01/03/2010 18:19:08,KAD0387,PC-0557,,Disconnect
{B5R7-D2OG52WR-3601UVEI},01/03/2010 18:25:08,KSS1005,PC-5932,R:\;R:\KSS1005;R:\51N7k55;R:\24mtcM0;R:\88TTJW0,Connect
{D5X9-X3OZ75SX-4802GPEV},01/03/2010 18:39:09,KSS1005,PC-5932,,Disconnect
{Z0Q8-F7FI97YS-1993SYNK},01/03/2010 19:22:08,WTC0699,PC-9950,R:\;R:\WTC0699,Connect
{I4D1-R1PU81HP-5542LAHB},01/03/2010 19:50:43,WTC0699,PC-9950,,Disconnect
{P7D2-V5DA16IG-7437ZOSS},01/03/2010 22:29:00,EMR0269,PC-1887,R:\;R:\EMR0269;R:\753Cf59;R:\18d36D6;R:\89bc6Q2,Connect
{T7T2-R4UH75GG-0275UBHB},01/03/2010 22:35:18,EMR0269,PC-1887,,Disconnect
{S3U7-C3UZ93YN-8729CFJL},01/04/2010 00:05:13,EZB0925,PC-1570,R:\;R:\EZB0925;R:\58p7r95,Connect
{A0C6-Z4YO75JX-8319QPHG},01/04/2010 00:12:42,EZB0925,PC-1570,,Disconnect
{J7W7-H9KF96SH-1248ANQI},01/04/2010 00:15:35,HLH0682,PC-6206,R:\;R:\HLH0682;R:\34db3l2;R:\226rWq8;R:\65H93n6;R:\74JPWD0,Connect
{H9F0-J9EO45RG-9278TDMU},01/04/2010 00:18:27,HLH0682,PC-6206,,Disconnect
{Z1Q2-L7PM15CR-7073WVFO},01/04/2010 00:38:00,HLH0682,PC-3284,R:\;R:\HLH0682;R:\34db3l2;R:\226rWq8;R:\65H93n6;R:\74JPWD0,Connect
{E4N0-Q0KH60NA-4063PSAZ},01/04/2010 00:43:05,HLH0682,PC-3284,,Disconnect
{Y7Q4-K9EP45TC-9685FKGY},01/04/2010 00:49:45,VRP0267,PC-2444,R:\;R:\VRP0267;R:\45L8257;R:\61x91b6,Connect
{E8O2-V3SS90XO-2823NANS},01/04/2010 00:52:43,TAW0689,PC-5412,R:\;R:\TAW0689,Connect
{U6N0-W9IA42XY-2740KRXQ},01/04/2010 00:53:13,TAW0689,PC-5412,,Disconnect
{Q1M6-M7AH22FP-9120DAEK},01/04/2010 00:54:50,VRP0267,PC-2444,,Disconnect
{B0Q2-Z8RC02SA-8130JDJM},01/04/2010 01:24:35,HLH0682,PC-9684,R:\;R:\HLH0682;R:\34db3l2;R:\226rWq8;R:\65H93n6;R:\74JPWD0,Connect
{J4L0-M1EO35DD-8295TJGP},01/04/2010 01:27:26,HLH0682,PC-9684,,Disconnect
{M9U9-O6SL85XB-5457QWAQ},01/04/2010 01:32:21,DCC1119,PC-8294,R:\;R:\DCC1119,Connect
{L3L9-I4DB78TH-6315GTMB},01/04/2010 01:41:16,DCC1119,PC-8294,,Disconnect
{F0K3-J2TJ72VU-4880ASFU},01/04/2010 02:01:31,EZB0925,PC-3829,R:\;R:\EZB0925;R:\58p7r95,Connect
{A4F2-R3TE32NF-0355XQTO},01/04/2010 02:04:26,EZB0925,PC-3829,,Disconnect
{I8C5-Q4MT07FB-3599ZPUC},01/04/2010 02:29:53,TAW0689,PC-3436,R:\;R:\TAW0689,Connect
{T7O2-B8RU16UI-0344FWQZ},01/04/2010 02:38:25,DCC1119,PC-3501,R:\;R:\DCC1119,Connect
{N5N1-U1FH45EG-7548XOYH},01/04/2010 02:39:41,DCC1119,PC-3501,,Disconnect
{L4K1-D0XR52AB-3507LRKL},01/04/2010 02:40:24,EZB0925,PC-7019,R:\;R:\EZB0925;R:\58p7r95,Connect
{R4R6-O0FZ07OR-0764WIRA},01/04/2010 02:40:25,EZB0925,PC-7019,,Disconnect
{V4H6-F2MF94ZS-4963ICKJ},01/04/2010 02:41:49,TAW0689,PC-3436,,Disconnect
{G5D6-G4VX35KH-7377MYTK},01/04/2010 04:04:53,TAW0689,PC-8748,R:\;R:\TAW0689,Connect
{I2P2-G1KG54GO-0326TYOT},01/04/2010 04:07:17,TAW0689,PC-8748,,Disconnect
{N6B5-D7IC17QU-9611YXAK},01/04/2010 06:05:59,SMW1131,PC-3325,R:\;R:\SMW1131;R:\44CTC71;R:\26Wj493,Connect
{A6Y0-I8PQ47TL-8092QEQX},01/04/2010 06:08:54,SMW1131,PC-3325,,Disconnect
{D7U3-S5LV88ZC-1840TWIC},01/04/2010 06:20:57,DCC1119,PC-9479,R:\;R:\DCC1119,Connect
{M2D2-O4RE51YL-8728QOEI},01/04/2010 06:21:12,DCC1119,PC-9479,,Disconnect
{U0Q4-F9VR01EN-0064PMEP},01/04/2010 06:39:02,JBB1333,PC-7198,R:\;R:\JBB1333;R:\85Nw443;R:\67gQ563;R:\79qf263;R:\91pgl81,Connect
{B2R5-G1KK12ZZ-5927DYXP},01/04/2010 06:43:49,FAJ1122,PC-2231,R:\;R:\FAJ1122;R:\18tM1v2;R:\27RK2W2,Connect
{K3N0-M1OR46FS-0060NGVA},01/04/2010 06:45:54,FAJ1122,PC-2231,,Disconnect
{B3D9-L1ZY15TG-0864DJJX},01/04/2010 07:03:18,CLZ1937,PC-3007,R:\;R:\CLZ1937;R:\77T3737;R:\32Fs153;R:\383WN89;R:\13bHz71,Connect
{Y2A9-Z4KN35JG-4783MAAG},01/04/2010 07:07:18,VRP0267,PC-8053,R:\;R:\VRP0267;R:\45L8257;R:\61x91b6,Connect
{M6M2-F0TA13TB-3618GXUV},01/04/2010 07:11:53,DNW0899,PC-1124,R:\;R:\DNW0899,Connect
{T3R6-G9WT51RM-9354QTCO},01/04/2010 07:12:41,VRP0267,PC-8053,,Disconnect
{N8S5-K7HU69GC-0682CLVH},01/04/2010 07:15:56,EKS1182,PC-4175,R:\;R:\EKS1182;R:\71Bl5g2,Connect
{O2B6-P0LG61TS-8793UABW},01/04/2010 07:18:13,DNW0899,PC-1124,,Disconnect
{P4K5-H7XQ22BI-6693XZML},01/04/2010 07:19:16,MNM1948,PC-2945,R:\;R:\MNM1948;R:\184bGs8;R:\59z4wG4;R:\846Hr79;R:\86dJF51,Connect
{F9Y7-Q7GL84KS-7427TYVN},01/04/2010 07:20:10,HXP0976,PC-4657,R:\;R:\HXP0976;R:\27C91Q6,Connect
{E1Z8-V8WA28AD-6255ZGZO},01/04/2010 07:23:36,CJM0410,PC-7072,R:\;R:\CJM0410;R:\91QhSP0;R:\51Tcg31;R:\37j4yK4,Connect
{B4F7-S3EC83XZ-6562DGAF},01/04/2010 07:24:13,CJM0410,PC-7072,,Disconnect
{K9C2-X8BC98CB-9639GDWU},01/04/2010 07:24:25,CJM0410,PC-7072,R:\;R:\CJM0410;R:\91QhSP0;R:\51Tcg31;R:\37j4yK4,Connect
{B5Y4-G3GU03TQ-5920TTKV},01/04/2010 07:24:34,CJM0410,PC-7072,,Disconnect
{B1N0-T3KW09RY-5011IVPW},01/04/2010 07:25:54,CJM0410,PC-7072,R:\;R:\CJM0410;R:\91QhSP0;R:\51Tcg31;R:\37j4yK4,Connect
{Y2W6-R9YE32VZ-0781RYDQ},01/04/2010 07:25:56,CJM0410,PC-7072,,Disconnect
{B0C9-W3MN02VF-9019QALS},01/04/2010 07:26:25,CLZ1937,PC-3007,,Disconnect
{E1V5-J4XH30UD-2598GTGZ},01/04/2010 07:27:19,EKS1182,PC-4175,,Disconnect
{R5V6-Z3EW41SV-4104BEFC},01/04/2010 07:27:45,CJM0410,PC-7072,R:\;R:\CJM0410;R:\91QhSP0;R:\51Tcg31;R:\37j4yK4,Connect
{C0R4-R0BN09RH-5778ZJGB},01/04/2010 07:28:21,MEH0029,PC-7412,R:\;R:\MEH0029;R:\655bg19;R:\28Wx2Z2;R:\36tJQZ0,Connect
{Y6Y5-W5YB66BQ-8796WMEC},01/04/2010 07:29:11,CJM0410,PC-7072,,Disconnect
{U4G6-B4ZX26JU-3096PNST},01/04/2010 07:29:54,CJM0410,PC-7072,R:\;R:\CJM0410;R:\91QhSP0;R:\51Tcg31;R:\37j4yK4,Connect
{K5W1-A6VX84RG-0142EBYM},01/04/2010 07:30:33,CJM0410,PC-7072,,Disconnect
{Y7L5-L5WM84ML-5358UGJK},01/04/2010 07:30:50,CJM0410,PC-7072,R:\;R:\CJM0410;R:\91QhSP0;R:\51Tcg31;R:\37j4yK4,Connect
{F7X5-O0XN28EB-3814HIZB},01/04/2010 07:31:00,MCB1145,PC-8507,R:\;R:\MCB1145,Connect
{K6K3-A2SY14ER-6636EVRV},01/04/2010 07:31:01,BIS1598,PC-8485,R:\;R:\BIS1598,Connect
{F0Y4-N5TD62BG-1263QIMZ},01/04/2010 07:31:15,CJM0410,PC-7072,,Disconnect
{S0R8-C2AQ09LK-8969JOGD},01/04/2010 07:31:17,MCB1145,PC-8507,,Disconnect
{D7C2-Q6TC84FN-7745GBFG},01/04/2010 07:32:03,CJM0410,PC-7072,R:\;R:\CJM0410;R:\91QhSP0;R:\51Tcg31;R:\37j4yK4,Connect
{P8X9-G7QL32NA-6536SOSO},01/04/2010 07:32:47,CJM0410,PC-7072,,Disconnect
{C7J6-J7WL96VF-1197CMZM},01/04/2010 07:33:00,CJM0410,PC-7072,R:\;R:\CJM0410;R:\91QhSP0;R:\51Tcg31;R:\37j4yK4,Connect
{Y2T2-R0AM40NS-5020NFHA},01/04/2010 07:33:33,CJM0410,PC-7072,,Disconnect
{F6E2-M8IU49NK-6252QHLA},01/04/2010 07:33:47,HRE1950,PC-8025,R:\;R:\HRE1950;R:\47yHBn0;R:\54s7J45,Connect
{E9Q0-E9NY19UO-8433BLHB},01/04/2010 07:34:26,MEH0029,PC-7412,,Disconnect
{V6P8-W9NM42RN-9800HDJL},01/04/2010 07:35:42,GFS0750,PC-8774,R:\;R:\GFS0750;R:\93vzsw0,Connect
{M5C1-N6TA02SW-3183JJPV},01/04/2010 07:36:19,EKS1182,PC-4175,R:\;R:\EKS1182;R:\71Bl5g2,Connect
{G7D7-M9RT42DS-8857TBAH},01/04/2010 07:36:57,BIS1598,PC-8485,,Disconnect
{D4G7-G0IQ64UG-7131TPOB},01/04/2010 07:41:07,DNW0899,PC-1124,R:\;R:\DNW0899,Connect
{L3Q2-K2EX64LX-2743JUDO},01/04/2010 07:43:39,JBB1333,PC-7198,,Disconnect
{F9K2-Z4YE96FZ-4083VNQM},01/04/2010 07:46:59,DZH1867,PC-5587,R:\;R:\DZH1867;R:\84t1667;R:\24L98H6,Connect
{N4F3-N8RO04OM-2225HXNC},01/04/2010 07:47:09,MEH0029,PC-7412,R:\;R:\MEH0029;R:\655bg19;R:\28Wx2Z2;R:\36tJQZ0,Connect
{V3K1-H5AN48TV-9166LNBR},01/04/2010 07:47:28,HPC1941,PC-2077,R:\;R:\HPC1941;R:\77sJX81;R:\37v3sQ4,Connect
{A6B9-P5YG60YW-9750NDDH},01/04/2010 07:48:32,CHP1711,PC-7951,R:\;R:\CHP1711;R:\32Rhs81,Connect
{L5R7-D1YM30GW-9167PPAD},01/04/2010 07:48:47,MNM1948,PC-2945,,Disconnect
{Q8L5-R1UA65UJ-7736IGSL},01/04/2010 07:49:04,HPC1941,PC-2077,,Disconnect
{B3P4-Z3JF22LL-3388STYM},01/04/2010 07:49:08,HAE0105,PC-5221,R:\;R:\HAE0105;R:\24k7j25,Connect
{V6L9-L2TA34GN-5237YVHB},01/04/2010 07:50:42,ROB0477,PC-5683,R:\;R:\ROB0477;R:\45N8767;R:\41F8737;R:\74K4Yj4;R:\14tzZC0,Connect
{B8E4-W8SW48CF-0923IPFE},01/04/2010 07:51:00,DNW0899,PC-1124,,Disconnect
{P7T6-V7IN74MM-7605MORW},01/04/2010 07:52:19,BIS1598,PC-8485,R:\;R:\BIS1598,Connect
{A2B1-I6BE70MY-3476LYGH},01/04/2010 07:52:39,BCC1597,PC-2558,R:\;R:\BCC1597,Connect
{G6E1-H6JP83MQ-8004ZSDN},01/04/2010 07:52:46,JTB0163,PC-0116,R:\;R:\JTB0163;R:\86MK453;R:\76b47N6,Connect
{J5F9-Y6HV00VY-5455HETG},01/04/2010 07:52:58,NBL1490,PC-6940,R:\;R:\NBL1490;R:\78lSWp0;R:\721Mn39;R:\48q1BV4,Connect
{Y2H1-J8PE08RY-8108XJKT},01/04/2010 07:53:04,KLR0112,PC-0269,R:\;R:\KLR0112;R:\82yl6F2;R:\88VPM91;R:\16THz11;R:\58wWHj0,Connect
{K2K7-S2FD52VQ-1780IXRK},01/04/2010 07:54:03,VRP0267,PC-7285,R:\;R:\VRP0267;R:\45L8257;R:\61x91b6,Connect
{R5V2-W0GJ66YX-5147NRXI},01/04/2010 07:54:29,PMM1117,PC-9096,R:\;R:\PMM1117;R:\68J6747;R:\82jdB11;R:\87Yss51,Connect
{I0Z1-L8GM28IG-2251RGYM},01/04/2010 07:54:35,HRE1950,PC-8025,,Disconnect
{O5M1-Y0KO70CE-5700ONYA},01/04/2010 07:55:13,DNW0899,PC-1124,R:\;R:\DNW0899,Connect
{D4Q8-U4IZ28AI-7760DILT},01/04/2010 07:55:45,VRP0267,PC-7285,,Disconnect
{D9F2-Q9FP78RQ-2140TRWN},01/04/2010 07:56:33,MEH0029,PC-7412,,Disconnect
{L2L9-K0AY29GE-2561YABU},01/04/2010 07:56:50,PMC1560,PC-5401,R:\;R:\PMC1560;R:\28ZtWP0;R:\25Y33q6,Connect
{Z7H9-O1OF97JK-2622JFTM},01/04/2010 07:57:11,KAG0547,PC-8240,R:\;R:\KAG0547;R:\51Y7957;R:\29v9YY4;R:\51G1n15;R:\19RVtd0,Connect
{Q7J0-I1QB71DS-5660PYOO},01/04/2010 07:57:41,CKP0630,PC-4612,R:\;R:\CKP0630;R:\29Mkhh0,Connect
{M0F6-W7GV39FL-9013MKIW},01/04/2010 07:59:04,HTM1498,PC-6499,R:\;R:\HTM1498;R:\247FQl8;R:\951pT49;R:\99C5nK4,Connect
{U5W9-G1DB09GH-9990BHHY},01/04/2010 07:59:23,ODG1158,PC-6792,R:\;R:\ODG1158;R:\231BvT8,Connect
{W3D7-Y4RA62PP-5323BCSD},01/04/2010 07:59:38,HXP0976,PC-4657,,Disconnect
{K4I1-Z4YI47PL-0391TXGC},01/04/2010 07:59:59,LSB1588,PC-9848,R:\;R:\LSB1588;R:\679pYm8;R:\998GGj8;R:\43T8B65;R:\44RPC51,Connect
{Q5A6-I5KJ08RQ-1288YCEF},01/04/2010 08:00:32,LSB1588,PC-9848,,Disconnect
{W7M2-W6EX66ZC-1243APKJ},01/04/2010 08:00:39,PMC1560,PC-5401,,Disconnect
{P2Q7-I5HI90VL-3412ZWZA},01/04/2010 08:01:12,MCP0611,PC-3777,R:\;R:\MCP0611;R:\12xnR31,Connect
{J5J0-P0WF30WW-6288SWKC},01/04/2010 08:01:23,GFS0750,PC-8774,,Disconnect
{S3C4-P9UB17QJ-7004YWUC},01/04/2010 08:01:48,MEH0029,PC-7412,R:\;R:\MEH0029;R:\655bg19;R:\28Wx2Z2;R:\36tJQZ0,Connect
{F2Y0-D6GK73NX-2069NEQI},01/04/2010 08:02:51,ZIE0741,PC-9132,R:\;R:\ZIE0741;R:\99wjK21;R:\35W1SS4;R:\66D7387,Connect
{G6K6-C5GL10LB-7737MBTZ},01/04/2010 08:02:59,HRE1950,PC-8025,R:\;R:\HRE1950;R:\47yHBn0;R:\54s7J45,Connect
{N2L9-Q3WF58JQ-4797IIIL},01/04/2010 08:03:53,ZIE0741,PC-9132,,Disconnect
{C7V8-G4BE48RF-8225UKRP},01/04/2010 08:03:55,MNM1948,PC-2945,R:\;R:\MNM1948;R:\184bGs8;R:\59z4wG4;R:\846Hr79;R:\86dJF51,Connect
{D4J1-A2XN00PN-9782SKGG},01/04/2010 08:05:54,CBS1856,PC-8617,R:\;R:\CBS1856;R:\44L45j6;R:\25n7Y45;R:\196pfK8;R:\46fjp11,Connect
{R8W4-K1LJ31AZ-5985CXSE},01/04/2010 08:06:34,QZH0367,PC-2150,R:\;R:\QZH0367;R:\68R4647,Connect
{B9P9-S5MT19XR-4212JIMJ},01/04/2010 08:06:47,NCC0454,PC-4034,R:\;R:\NCC0454,Connect
{I8G5-N0JQ08KE-5347MMIK},01/04/2010 08:06:53,CKP0630,PC-4612,,Disconnect
{P0K7-R4LJ06VT-1920YSEU},01/04/2010 08:07:12,CHP1711,PC-7951,,Disconnect
{X6B9-F1CR36PF-0435GNOQ},01/04/2010 08:07:47,KAG0547,PC-8240,,Disconnect
{O2V3-F2GP81SO-5862ADNP},01/04/2010 08:07:53,HRE1950,PC-8025,,Disconnect
{H0W2-F3KZ78LQ-4358XUAE},01/04/2010 08:08:18,IDC1775,PC-3980,R:\;R:\IDC1775,Connect
{H2A6-R0AM39IF-0409AEHZ},01/04/2010 08:08:37,ZIE0741,PC-9132,R:\;R:\ZIE0741;R:\99wjK21;R:\35W1SS4;R:\66D7387,Connect
{E8X3-C1YU03QB-0957BNAN},01/04/2010 08:09:22,BCC1597,PC-2558,,Disconnect
{T5W6-V8OE26ZE-5636AKAM},01/04/2010 08:09:47,IDC0249,PC-1616,R:\;R:\IDC0249;R:\147fT99;R:\64z7Wv4;R:\51Ty5C2,Connect
{X9R3-D2IM93KV-3517BQIV},01/04/2010 08:10:01,CBS1856,PC-8617,,Disconnect
{G3N8-O0TQ82WD-7431FRKT},01/04/2010 08:11:04,RDS1398,PC-3426,R:\;R:\RDS1398;R:\232ZtT8;R:\992Jg69,Connect
{C0V9-M7RK92KC-1112SAHO},01/04/2010 08:11:16,KAG0547,PC-8240,R:\;R:\KAG0547;R:\51Y7957;R:\29v9YY4;R:\51G1n15;R:\19RVtd0,Connect
{F0T1-Z8AU81WP-5772GLZI},01/04/2010 08:11:43,KAJ1413,PC-4500,R:\;R:\KAJ1413;R:\94Xw653;R:\74mkZ91;R:\76B4KP4,Connect
{M5L2-Z7VC14ZX-4813OVLW},01/04/2010 08:11:54,MKC0869,PC-5912,R:\;R:\MKC0869;R:\676Ry89;R:\88y92P6;R:\381qRZ8,Connect
{A8B2-D9JQ56WK-0984TZFU},01/04/2010 08:12:10,PMM1117,PC-9096,,Disconnect
{U8V9-Q0RN63LJ-8344QTOH},01/04/2010 08:12:14,KAJ1413,PC-4500,,Disconnect
{B4S3-N7GX38JK-5996GXWC},01/04/2010 08:12:45,CCG1347,PC-4380,R:\;R:\CCG1347;R:\26v1597;R:\48J6cL4;R:\84Zt313;R:\17fhD11,Connect
{C5D4-G9XB27TE-0074YAMD},01/04/2010 08:12:47,PMM1117,PC-9096,R:\;R:\PMM1117;R:\68J6747;R:\82jdB11;R:\87Yss51,Connect
{A9S8-G0ZG39XQ-9039HBLV},01/04/2010 08:12:53,NCC0454,PC-4034,,Disconnect
{C6W8-I0KR11PQ-9076GFQB},01/04/2010 08:12:58,KAG0547,PC-8240,,Disconnect
{L3M0-V7QA57SG-2196FGPI},01/04/2010 08:13:58,ITV0200,PC-2695,R:\;R:\ITV0200,Connect
{Q7Z5-B7GA35JV-1488GEVY},01/04/2010 08:14:08,DZH1867,PC-5587,,Disconnect
{G6L1-W0BI56YQ-1832MBPF},01/04/2010 08:15:37,GAT1343,PC-8168,R:\;R:\GAT1343;R:\63bZ883;R:\78C6Fv4;R:\61Np213;R:\38Byd31,Connect
{M7K9-U2AR35GE-9803LWDS},01/04/2010 08:15:43,WIR1720,PC-9375,R:\;R:\WIR1720;R:\55Jkgw0;R:\24QR3j2;R:\36Z3157;R:\76Yxc91,Connect
{C5T0-C6KP26RY-8988APYX},01/04/2010 08:16:08,MDC0520,PC-1854,R:\;R:\MDC0520;R:\52dVHn0;R:\82LX8f2;R:\45H6k55;R:\26YHBF0,Connect
{L3Q8-A1TW80JT-9861THFZ},01/04/2010 08:17:23,IDC1775,PC-3980,,Disconnect
{Y4P3-M0DA12ZU-3544RVCD},01/04/2010 08:17:47,GAT1343,PC-8168,,Disconnect
{H7A9-P9AG56JZ-0676BZDB},01/04/2010 08:17:52,KDC1240,PC-3537,R:\;R:\KDC1240,Connect
{N8A9-C7QU32UD-3975AKTR},01/04/2010 08:18:00,QWP1513,PC-9553,R:\;R:\QWP1513;R:\51kV833;R:\23mRN41;R:\33l2x15;R:\15KhM71,Connect
{S2J9-Z9QZ34ZG-2385QIRD},01/04/2010 08:18:14,JRC0238,PC-0842,R:\;R:\JRC0238;R:\868Vrk8;R:\47mw823;R:\81CQ7f2,Connect
{W3O5-A5QC17AM-2014WBHS},01/04/2010 08:18:19,MEH0029,PC-7412,,Disconnect
{B4M8-F2VB60QG-0107AWOI},01/04/2010 08:18:21,QNB1329,PC-9493,R:\;R:\QNB1329,Connect
{J5E3-E7MW91QQ-4365NTER},01/04/2010 08:18:24,EKS1182,PC-4175,,Disconnect
{B0Y3-V4QP80EP-9390UDGJ},01/04/2010 08:18:52,EUN1870,PC-2542,R:\;R:\EUN1870;R:\14VHXN0;R:\81M6577,Connect
{J9U2-B7AL41OB-4225JUPD},01/04/2010 08:19:07,MWB0225,PC-8021,R:\;R:\MWB0225;R:\66w3l85;R:\59Bc3M2,Connect
{M9A8-R4UG52KZ-1274VJDP},01/04/2010 08:19:28,IDC1775,PC-3980,R:\;R:\IDC1775,Connect
{Q8F6-W8HQ50IC-3289IYXI},01/04/2010 08:19:45,MAF0293,PC-9953,R:\;R:\MAF0293,Connect
{L8O0-S7EW08XT-7448ECWV},01/04/2010 08:19:57,IDC1775,PC-3980,,Disconnect
{D0T5-Y3VH77HM-5008RNDF},01/04/2010 08:20:10,EKS1182,PC-4175,R:\;R:\EKS1182;R:\71Bl5g2,Connect
{X7Q4-P7AB62MO-4563HJCS},01/04/2010 08:20:31,WBK1077,PC-9289,R:\;R:\WBK1077;R:\59Y5587;R:\58d8437;R:\99Vddj0;R:\34hwt61,Connect
{V6S4-L4SC90NZ-6478TVMF},01/04/2010 08:20:40,CCG1347,PC-4380,,Disconnect
{I6G3-A4RD89CY-1170OYCJ},01/04/2010 08:21:05,HAE0105,PC-5221,,Disconnect
{S9O6-W1RJ74BO-0109ABTY},01/04/2010 08:21:15,DZH1867,PC-5587,R:\;R:\DZH1867;R:\84t1667;R:\24L98H6,Connect
{U7U4-J4WK36CX-1772NMQI},01/04/2010 08:21:20,EKS1182,PC-4175,,Disconnect
{O9I9-O7UY36QW-7756VUVI},01/04/2010 08:21:20,MNM1948,PC-2945,,Disconnect
{P3F4-H2VS93JU-7627UNBD},01/04/2010 08:21:32,WIR1720,PC-9375,,Disconnect
{K8V7-Y0HJ48LZ-6046WJCY},01/04/2010 08:21:36,ITV0200,PC-2695,,Disconnect
{D3H3-P6JS61MA-2245NXYP},01/04/2010 08:21:52,IDC1775,PC-3980,R:\;R:\IDC1775,Connect
{B7T6-Z8BR01OJ-9622ZAQQ},01/04/2010 08:21:54,ENM1861,PC-2710,R:\;R:\ENM1861;R:\95XZm81;R:\18D51K6,Connect
{Q5L1-E2ZW74LP-9688AFCD},01/04/2010 08:22:03,TRC1838,PC-7903,R:\;R:\TRC1838;R:\548MTH8;R:\77yw533;R:\297VXt8;R:\46pRw31,Connect
{T1U6-H5ML11OF-1772VCSC},01/04/2010 08:22:25,BNE1140,PC-1714,R:\;R:\BNE1140;R:\84HwTg0,Connect
{Q0S2-G4UH92DP-1274LWBR},01/04/2010 08:23:00,QWP1513,PC-9553,,Disconnect
{R3U9-Z8HN35SA-4708UQNO},01/04/2010 08:23:02,IDC1775,PC-3980,,Disconnect
{K7K5-D7UZ72VE-6386CWLV},01/04/2010 08:23:22,WIR1720,PC-9375,R:\;R:\WIR1720;R:\55Jkgw0;R:\24QR3j2;R:\36Z3157;R:\76Yxc91,Connect
{H6I2-M2GV89YN-5818RDCW},01/04/2010 08:24:06,CCB1836,PC-7438,R:\;R:\CCB1836;R:\77s72n6;R:\31pD343;R:\877DnT8;R:\36TLs21,Connect
{Y2G4-W1KI69EV-3481SVTP},01/04/2010 08:24:31,EUN1870,PC-2542,,Disconnect
{U3X2-K3TI21WZ-0657YGQI},01/04/2010 08:24:44,JMK1531,PC-6147,R:\;R:\JMK1531;R:\69zgh81;R:\64cd683,Connect
{B5G3-K1OI42YJ-6265XBKA},01/04/2010 08:24:51,WIR1720,PC-9375,,Disconnect
{P6A9-O8EK20UW-7524CEHU},01/04/2010 08:26:06,ABB0019,PC-8283,R:\;R:\ABB0019;R:\679Pw69,Connect
{M3T4-T6GL42BI-2076NCUC},01/04/2010 08:26:25,MCP0611,PC-3777,,Disconnect
{Q7E5-P2HZ40YM-5049YFBK},01/04/2010 08:26:25,ZIE0741,PC-9132,,Disconnect
{J3M0-Q5KT15RK-6589WWSA},01/04/2010 08:27:30,LSB1588,PC-9848,R:\;R:\LSB1588;R:\679pYm8;R:\998GGj8;R:\43T8B65;R:\44RPC51,Connect
{R2G0-X1ZG13PG-1966SZPY},01/04/2010 08:27:41,GFS0750,PC-8774,R:\;R:\GFS0750;R:\93vzsw0,Connect
{G7L4-G9OA31CC-0815RPPF},01/04/2010 08:27:46,HBR1528,PC-3311,R:\;R:\HBR1528;R:\353yks8;R:\97Sz1s2,Connect
{Z8O2-S9CU09LQ-1848KWFO},01/04/2010 08:28:09,ATD0517,PC-4139,R:\;R:\ATD0517;R:\31W1257,Connect
{E4P3-W7VL89ZX-2577ZIUU},01/04/2010 08:28:11,ZIE0741,PC-9132,R:\;R:\ZIE0741;R:\99wjK21;R:\35W1SS4;R:\66D7387,Connect
{V6J9-N9ML56RA-9420LZQI},01/04/2010 08:28:28,HTM1498,PC-6499,,Disconnect
{D8S5-L5BU97ST-3635GZBQ},01/04/2010 08:28:38,CBS1856,PC-8617,R:\;R:\CBS1856;R:\44L45j6;R:\25n7Y45;R:\196pfK8;R:\46fjp11,Connect
{R2A4-G7PB26WB-4619KZIZ},01/04/2010 08:29:13,ODG1158,PC-6792,,Disconnect
{W9Z1-J5UY96WT-8529RZAC},01/04/2010 08:29:31,CRD0987,PC-8010,R:\;R:\CRD0987;R:\36x6797;R:\561cNM8;R:\377CV49,Connect
{G3O9-U5YU82DK-7774WXUP},01/04/2010 08:29:32,CKP0630,PC-4612,R:\;R:\CKP0630;R:\29Mkhh0,Connect
{F0G9-T5ZW14RF-8831TXDA},01/04/2010 08:29:44,IDC1775,PC-3980,R:\;R:\IDC1775,Connect
{I9B4-R3HF28HD-0252KDZP},01/04/2010 08:31:06,ARM0805,PC-6891,R:\;R:\ARM0805;R:\12S4D95;R:\15hrhL0,Connect
{Y0K7-R4AD27US-0197ZHWD},01/04/2010 08:31:21,JVH1575,PC-5682,R:\;R:\JVH1575;R:\38f6s95;R:\67y4957,Connect
{J4I1-S4VD66EM-4961XDMF},01/04/2010 08:31:33,SWM1653,PC-9287,R:\;R:\SWM1653,Connect
{M0X3-E8AK52ES-9132CVFQ},01/04/2010 08:31:58,DZH1867,PC-5587,,Disconnect
{K4M2-W4OS65OX-7788ICRP},01/04/2010 08:32:16,IDC1775,PC-3980,,Disconnect
{U5L9-X5YC39RM-0589IYBQ},01/04/2010 08:32:17,IDC0249,PC-1616,,Disconnect
{E7X3-A5AB10DK-3016QXVR},01/04/2010 08:32:20,IDC1775,PC-3980,R:\;R:\IDC1775,Connect
{R0K0-B2BK98TF-2128BDLP},01/04/2010 08:32:27,IDC1775,PC-3980,,Disconnect
{Q5Z8-V5SL30QB-6826NQLN},01/04/2010 08:32:28,ATD0517,PC-4139,,Disconnect
{D3V8-A6QT17XD-8428QSVS},01/04/2010 08:32:31,DNW0899,PC-1124,,Disconnect
{F4Y0-B0NH83XC-3821GLFK},01/04/2010 08:32:45,GIA1171,PC-1495,R:\;R:\GIA1171;R:\83pYq41;R:\42M2297;R:\38rJR31,Connect
{K9D0-Q2EG36OP-3419TYSF},01/04/2010 08:33:20,JMK1531,PC-6147,,Disconnect
{W6E9-W8UA79NG-4185OWQX},01/04/2010 08:33:23,SSS1683,PC-7430,R:\;R:\SSS1683;R:\94Kk463,Connect
{R7P5-Z7HC74AR-8113IYXS},01/04/2010 08:33:59,CDG0551,PC-2273,R:\;R:\CDG0551;R:\77WWd71;R:\34N3G95;R:\55q7Y15,Connect
{X2J2-C5PG51DQ-4559SVJM},01/04/2010 08:34:06,DMD1197,PC-3924,R:\;R:\DMD1197;R:\21B1217;R:\266XW49;R:\75WRm61,Connect
{B0T2-L5FT07AQ-5249RTEP},01/04/2010 08:34:34,GFS0750,PC-8774,,Disconnect
{U1X1-J9RL64AA-6618OOYO},01/04/2010 08:34:36,CRD0987,PC-8010,,Disconnect
{Z3V3-Z2SD10DR-4446GGID},01/04/2010 08:34:50,ARM0805,PC-6891,,Disconnect
{J3T6-S5ET18GB-4976WJZR},01/04/2010 08:34:52,DLB0401,PC-2684,R:\;R:\DLB0401;R:\33qSF31;R:\89DqDC0;R:\21n7hW4,Connect
{X7Q3-X9CW58GD-6178BOSY},01/04/2010 08:35:19,BIS1598,PC-8485,,Disconnect
{X4S7-B6UU74CZ-0080NNUI},01/04/2010 08:35:24,ARM0805,PC-6891,R:\;R:\ARM0805;R:\12S4D95;R:\15hrhL0,Connect
{W5Q7-G7LD93PR-8437QHCL},01/04/2010 08:35:30,HPC1941,PC-2077,R:\;R:\HPC1941;R:\77sJX81;R:\37v3sQ4,Connect
{Q7Y4-K0ZX91IN-7129BYXH},01/04/2010 08:35:48,JBB1333,PC-7198,R:\;R:\JBB1333;R:\85Nw443;R:\67gQ563;R:\79qf263;R:\91pgl81,Connect
{T5Y4-N1LB39VZ-3586IZQL},01/04/2010 08:37:24,MCB0227,PC-0109,R:\;R:\MCB0227;R:\83m5697;R:\51DC6B2;R:\61xM6h2,Connect
{S8J6-R9AG93DA-8376IFTI},01/04/2010 08:37:27,CBS1856,PC-8617,,Disconnect
{I7J3-W4YE14LK-8244XJFM},01/04/2010 08:37:47,RDS1398,PC-3426,,Disconnect
{K3E1-Z2OL24SA-4856JLLM},01/04/2010 08:38:00,VSH1899,PC-9626,R:\;R:\VSH1899;R:\417Zl59,Connect
{Y6D7-L3LC97KH-7586OVMQ},01/04/2010 08:38:04,MDC0520,PC-1854,,Disconnect
{H7C6-R2TG34VL-3594XQCO},01/04/2010 08:39:01,HAD0702,PC-6370,R:\;R:\HAD0702;R:\52GW2m2;R:\34PRdX0;R:\45N4567;R:\89FGBQ0,Connect
{B2G7-Z1LS13WJ-6049LTQF},01/04/2010 08:39:21,CGS0647,PC-6375,R:\;R:\CGS0647;R:\67Z9557;R:\46Q1qC4;R:\14n64T6;R:\65cWkd0,Connect
{S6K0-I5FJ64CK-3372OQFL},01/04/2010 08:39:21,PMC1560,PC-5401,R:\;R:\PMC1560;R:\28ZtWP0;R:\25Y33q6,Connect
{R7Z4-Z1PC73WT-1087TQZK},01/04/2010 08:40:05,HPC1941,PC-2077,,Disconnect
{N3S8-W7KD42IE-9404KYOU},01/04/2010 08:40:14,ARM0805,PC-6891,,Disconnect
{C5O0-V1TO15DF-6501XDHH},01/04/2010 08:40:36,SSS1683,PC-7430,,Disconnect
{W0E4-S1AQ11KE-5897PMYI},01/04/2010 08:40:53,JOR1495,PC-6950,R:\;R:\JOR1495;R:\28X4L45;R:\458Lj29;R:\65l1Vk4;R:\29cLs61,Connect
{J5A6-F2WV70OJ-0046ALOD},01/04/2010 08:41:09,QGC0435,PC-3976,R:\;R:\QGC0435;R:\45v6g25;R:\91mF893;R:\71v1bB4;R:\93Tlyh0,Connect
{B9G1-N2KC11NR-3111GTNG},01/04/2010 08:41:32,OJC0930,PC-0511,R:\;R:\OJC0930;R:\96rhnG0,Connect
{W3Q1-K2TZ15IH-9976HLYR},01/04/2010 08:42:00,LNS0317,PC-6671,R:\;R:\LNS0317;R:\33g5297;R:\34PjS31;R:\82SQ393;R:\28TBwC0,Connect
{Q1X3-Y4TY43BD-6472GTLJ},01/04/2010 08:42:01,MCB0227,PC-0109,,Disconnect
{R5V4-C4ZN86HW-7314XLXK},01/04/2010 08:42:11,HSN0675,PC-9696,R:\;R:\HSN0675;R:\12c5k55;R:\26p9427,Connect
{S6U6-L7OE78QW-3975NBNA},01/04/2010 08:42:22,CGS0647,PC-6375,,Disconnect
{P8I9-M0YK28XT-0663TNYG},01/04/2010 08:42:36,HBR1528,PC-3311,,Disconnect
{M6O6-L0SD43LT-1028LENG},01/04/2010 08:42:56,QNB1329,PC-9493,,Disconnect
{W4P7-A4TE21XC-4743HIOH},01/04/2010 08:43:07,YWF1562,PC-6926,R:\;R:\YWF1562;R:\18Zy6v2,Connect
{X3P7-C7IY46KH-8476PJPX},01/04/2010 08:43:25,BCC1597,PC-2558,R:\;R:\BCC1597,Connect
{X3G9-R0UZ36CN-4836FRBR},01/04/2010 08:43:45,BNE1140,PC-1714,,Disconnect
{K9I8-P0XG37EW-5895NQUP},01/04/2010 08:44:05,YWF1562,PC-6926,,Disconnect
{Z5F4-M8JQ91PE-4562XXNN},01/04/2010 08:44:08,PMC1560,PC-5401,,Disconnect
{L8X2-T6WL46MP-2870VASO},01/04/2010 08:44:17,HSV0878,PC-0334,R:\;R:\HSV0878,Connect
{L5E6-P0BH29SC-9441WPPN},01/04/2010 08:45:09,YIN0342,PC-3230,R:\;R:\YIN0342;R:\18Jc2Z2;R:\38g4BW4,Connect
{S7R4-D5WG56VD-3202DQKV},01/04/2010 08:45:41,IIM0781,PC-9322,R:\;R:\IIM0781;R:\71wGz81;R:\765Bcc8;R:\44y7417,Connect
{V8F2-R8UZ39AB-1636DEZS},01/04/2010 08:45:54,QZH0367,PC-2150,,Disconnect
{H8U7-Z6KI85PC-9683HCPS},01/04/2010 08:46:21,SEO0946,PC-9697,R:\;R:\SEO0946;R:\64s72S6;R:\79R4br4;R:\443ZF89,Connect
{R3I1-O7KT55TK-6055XFFK},01/04/2010 08:46:42,DEW0384,PC-0021,R:\;R:\DEW0384;R:\15x9ky4,Connect
{Q1Q2-H7GB85OT-7186ADJP},01/04/2010 08:47:32,JBB1333,PC-7198,,Disconnect
{P6M4-G1NN75YR-6372XMLL},01/04/2010 08:47:33,JTB0163,PC-0116,,Disconnect
{K8D8-F6DC65CM-6604LMZA},01/04/2010 08:47:34,ZIE0741,PC-9132,,Disconnect
{Z5T8-O3FG87BC-8290CQSN},01/04/2010 08:48:29,HBR1528,PC-3311,R:\;R:\HBR1528;R:\353yks8;R:\97Sz1s2,Connect
{M2V6-I7FE56DS-2413RDSD},01/04/2010 08:48:55,JRC0238,PC-0842,,Disconnect
{W1H3-N8VH21BX-8472JDWG},01/04/2010 08:49:03,WIR1720,PC-9375,R:\;R:\WIR1720;R:\55Jkgw0;R:\24QR3j2;R:\36Z3157;R:\76Yxc91,Connect
{D7O5-Q2FA50TD-2081IPXJ},01/04/2010 08:49:05,WIR1720,PC-9375,,Disconnect
{A9A4-D8EK32ZE-0173ZFRX},01/04/2010 08:49:24,SWM1653,PC-9287,,Disconnect
{L9M5-N7OS09QV-2534MKDB},01/04/2010 08:50:03,JAL0811,PC-1787,R:\;R:\JAL0811;R:\73BcW71;R:\15bHw51;R:\235dzH8;R:\75bbWZ0,Connect
{O3Z5-T6JF60PI-8805EJMW},01/04/2010 08:50:05,MAF0293,PC-9953,,Disconnect
{F6Z6-L0SU69LL-1789BKDS},01/04/2010 08:50:13,HBR1528,PC-3311,,Disconnect
{N8E2-G3VV36AB-4137QIPH},01/04/2010 08:50:36,ABB0019,PC-8283,,Disconnect
{K8E0-V7FZ61QX-2359TIMY},01/04/2010 08:50:54,DMJ0222,PC-7860,R:\;R:\DMJ0222;R:\12Dm8q2,Connect
{C0V1-H6AM81CY-8782WZTO},01/04/2010 08:51:12,ABB0019,PC-8283,R:\;R:\ABB0019;R:\679Pw69,Connect
{P5C5-R8IG89YU-1842WJON},01/04/2010 08:51:13,LNS0317,PC-6671,,Disconnect
{R7A0-L3JN14TJ-0184PXXF},01/04/2010 08:51:19,FMP0459,PC-3142,R:\;R:\FMP0459;R:\962cw19,Connect
{O2C3-E4IU32BT-7901SNVH},01/04/2010 08:51:47,ARM0805,PC-6891,R:\;R:\ARM0805;R:\12S4D95;R:\15hrhL0,Connect
{N3T8-I9FV11VW-8712WEWK},01/04/2010 08:51:58,JVH1575,PC-5682,,Disconnect
{X9V2-I7ZI15XE-9615YYPU},01/04/2010 08:52:48,VSH1899,PC-9626,,Disconnect
{H0M1-F7WY03EO-1879LRLE},01/04/2010 08:52:53,JOR1495,PC-6950,,Disconnect
{L3L1-K9IF59MF-9880EGZS},01/04/2010 08:52:56,QZH0367,PC-2150,R:\;R:\QZH0367;R:\68R4647,Connect
{F2V7-M3DH36XT-6526KXFK},01/04/2010 08:52:57,PMC1560,PC-5401,R:\;R:\PMC1560;R:\28ZtWP0;R:\25Y33q6,Connect
{C6T0-H9RT12JP-2453BUAK},01/04/2010 08:52:58,MCP0611,PC-3777,R:\;R:\MCP0611;R:\12xnR31,Connect
{M2H9-K0DF76WW-3527OIFP},01/04/2010 08:53:35,VSH1899,PC-9626,R:\;R:\VSH1899;R:\417Zl59,Connect
{Y8S2-H4LZ52BU-1799CBCE},01/04/2010 08:53:43,EAS1970,PC-0265,R:\;R:\EAS1970,Connect
{N5K0-V9ZX00QY-9391ULSF},01/04/2010 08:53:47,MAF0293,PC-9953,R:\;R:\MAF0293,Connect
{P1Y5-L0RW91BD-1117QAOF},01/04/2010 08:53:49,DMD1197,PC-3924,,Disconnect
{L9D1-J6VV61MB-1600QTGF},01/04/2010 08:54:02,MNM1948,PC-2945,R:\;R:\MNM1948;R:\184bGs8;R:\59z4wG4;R:\846Hr79;R:\86dJF51,Connect
{N8E6-C7FY52UD-2671FJZZ},01/04/2010 08:54:08,GAT1343,PC-8168,R:\;R:\GAT1343;R:\63bZ883;R:\78C6Fv4;R:\61Np213;R:\38Byd31,Connect
{D6Y7-U3GN89TV-1938QZGU},01/04/2010 08:54:46,ARM0805,PC-6891,,Disconnect
{Y8E5-H5GD94MF-4560HBHQ},01/04/2010 08:54:54,DMD1197,PC-3924,R:\;R:\DMD1197;R:\21B1217;R:\266XW49;R:\75WRm61,Connect
{Q4U3-N2UD16TB-0745USVL},01/04/2010 08:55:20,DNF0876,PC-6563,R:\;R:\DNF0876;R:\38y18r6;R:\61s6537;R:\754RXs8;R:\24DTFG0,Connect
{Q4U5-L4GE91BB-5849HTEY},01/04/2010 08:55:21,LNS0317,PC-6671,R:\;R:\LNS0317;R:\33g5297;R:\34PjS31;R:\82SQ393;R:\28TBwC0,Connect
{I0W1-S3UK14UE-1966TSJT},01/04/2010 08:55:24,CBD1574,PC-9687,R:\;R:\CBD1574,Connect
{A4C0-N7VO29HK-4117RPZO},01/04/2010 08:55:59,HGG0535,PC-5125,R:\;R:\HGG0535;R:\46X1L35;R:\21Pc133;R:\36M5V15,Connect
{Y7A3-E8KA21QR-5194SOJA},01/04/2010 08:56:27,LTS1378,PC-8792,R:\;R:\LTS1378;R:\436HJF8;R:\89t9187,Connect
{U2Z6-R5KT68YM-3613DOZJ},01/04/2010 08:56:32,NTB0710,PC-8033,R:\;R:\NTB0710;R:\91JbbL0;R:\78ZBC41;R:\81f8257,Connect
{Y9K3-V0NU39SP-8076IMDU},01/04/2010 08:56:40,MCP0611,PC-3777,,Disconnect
{B7L1-F7WW05AD-4201DAIA},01/04/2010 08:57:02,NBL1490,PC-6940,,Disconnect
{U4T2-W8QO87FF-2796BPKG},01/04/2010 08:57:02,PNA1776,PC-5278,R:\;R:\PNA1776;R:\92V69L6;R:\49b9217,Connect
{C6C7-J0HM07FR-8350USDP},01/04/2010 08:57:34,QEL1515,PC-8307,R:\;R:\QEL1515;R:\86Y4F55,Connect
{M8B6-T0EA21JV-1540OHGZ},01/04/2010 08:57:35,MMC1008,PC-6015,R:\;R:\MMC1008;R:\959DFh8;R:\99RvPn0;R:\83TbnX0,Connect
{Z8I6-P0BS34YY-7233FXDS},01/04/2010 08:57:38,ARM0805,PC-6891,R:\;R:\ARM0805;R:\12S4D95;R:\15hrhL0,Connect
{L3W9-L5OX72ND-0933QSOM},01/04/2010 08:57:53,VSH1899,PC-9626,,Disconnect
{K8P0-T1ZC74TY-3370QXUV},01/04/2010 08:58:32,LVF1626,PC-2179,R:\;R:\LVF1626;R:\84L85K6;R:\54Mn4T2;R:\64r52L6;R:\48ZjQ21,Connect
{L7A4-V5GL13BH-5154ZNFX},01/04/2010 08:58:38,NTB0710,PC-8033,,Disconnect
{G4M0-W6KM10IE-5334LTUE},01/04/2010 08:58:59,QEL1515,PC-8307,,Disconnect
{A4Y5-U6GG60DP-3097JTSU},01/04/2010 08:59:40,ATD0517,PC-4139,R:\;R:\ATD0517;R:\31W1257,Connect
{Z3T6-B8VC62JN-2925OFFU},01/04/2010 08:59:46,LNS0317,PC-6671,,Disconnect
{N9J3-W2CO05NH-1284PUOQ},01/04/2010 09:00:08,ARM0805,PC-6891,,Disconnect
{Z4Q0-Y0YW74QA-2542CZZV},01/04/2010 09:00:08,SSS1683,PC-7430,R:\;R:\SSS1683;R:\94Kk463,Connect
{F1M2-D3OP58KV-6419TCPK},01/04/2010 09:00:09,MMC1008,PC-6015,,Disconnect
{C5M6-D0JO07UK-5409KFTR},01/04/2010 09:00:11,ABB0019,PC-8283,,Disconnect
{M5N5-Q9TV67LZ-1760UXEW},01/04/2010 09:00:23,ARM0805,PC-6891,R:\;R:\ARM0805;R:\12S4D95;R:\15hrhL0,Connect
{U3I8-P9HY81SZ-8326VYGP},01/04/2010 09:00:30,GAT1343,PC-8168,,Disconnect
{Y6D1-M7JW28XM-3137VSNV},01/04/2010 09:00:36,CKP0630,PC-4612,,Disconnect
{M6R7-F2WT97FJ-3354KUYK},01/04/2010 09:00:51,ERM1590,PC-7233,R:\;R:\ERM1590;R:\34MvVv0;R:\426Gz59;R:\19Q8v55;R:\13xPf51,Connect
{R4R4-R8XG50WO-9391OBXE},01/04/2010 09:00:55,WDT1634,PC-3774,R:\;R:\WDT1634;R:\35m7xf4;R:\16RM723,Connect
{L9Q5-F2LU78PQ-5981UYNU},01/04/2010 09:01:02,ARM0805,PC-6891,,Disconnect
{Z7V0-K9MA40ZD-6018DKAQ},01/04/2010 09:01:08,LPL0877,PC-9216,R:\;R:\LPL0877;R:\47H8897;R:\94Q9117,Connect
{O9S1-F3JT06CK-7096QTWV},01/04/2010 09:01:32,ZIE0741,PC-9132,R:\;R:\ZIE0741;R:\99wjK21;R:\35W1SS4;R:\66D7387,Connect
{G4Z9-G6BB73QK-7317LVTA},01/04/2010 09:01:35,PNA1776,PC-5278,,Disconnect
{I9Y2-R5UP83DX-5464RIMZ},01/04/2010 09:01:43,IIM0781,PC-9322,,Disconnect
{S8K6-I7UH77XD-6344AEEN},01/04/2010 09:02:01,ARM0805,PC-6891,R:\;R:\ARM0805;R:\12S4D95;R:\15hrhL0,Connect
{L5S6-Z6VI03BX-6082HPXC},01/04/2010 09:02:07,ARM0805,PC-6891,,Disconnect
{R5S7-P3MM98UH-5527WUTA},01/04/2010 09:02:14,GTF1464,PC-0536,R:\;R:\GTF1464;R:\14b6kS4;R:\13h28k6;R:\27N6fs4;R:\55bnB41,Connect
{E0N3-Q5GL84NM-3799BEVK},01/04/2010 09:02:23,PMM1117,PC-9096,,Disconnect
{U0V8-O7EC94BS-1152BAFF},01/04/2010 09:02:26,GTF1464,PC-0536,,Disconnect
{A6E4-E8FJ92TN-9372FHYJ},01/04/2010 09:02:50,DEB0727,PC-4897,R:\;R:\DEB0727;R:\93r7227;R:\34kT7x2;R:\18j4177,Connect
{H9Q4-G6YG78IP-4831EIKU},01/04/2010 09:02:51,KAJ1413,PC-4500,R:\;R:\KAJ1413;R:\94Xw653;R:\74mkZ91;R:\76B4KP4,Connect
{V9U9-D4YD62IP-1456WLOO},01/04/2010 09:03:04,LVF1626,PC-2179,,Disconnect
{N8G5-X7EG93LV-4796BQSV},01/04/2010 09:03:10,WTC0699,PC-9950,R:\;R:\WTC0699,Connect
{B6K8-G3GT30GM-1100VZPL},01/04/2010 09:03:19,DMJ0222,PC-7860,,Disconnect
{N3S3-G0QL18OM-2291TAEO},01/04/2010 09:03:51,GTF1464,PC-0536,R:\;R:\GTF1464;R:\14b6kS4;R:\13h28k6;R:\27N6fs4;R:\55bnB41,Connect
{R4D9-I5HV87MI-7859DMSJ},01/04/2010 09:03:53,ARM0805,PC-6891,R:\;R:\ARM0805;R:\12S4D95;R:\15hrhL0,Connect
{J0P0-P4TS98AC-9878EIRG},01/04/2010 09:04:12,QNB1329,PC-9493,R:\;R:\QNB1329,Connect
{T3E5-W2UL00II-5958RKMC},01/04/2010 09:04:43,BDM1457,PC-3893,R:\;R:\BDM1457;R:\88Y9697;R:\48D2b95,Connect
{Q8B6-O6VI69KO-7311HZLR},01/04/2010 09:05:09,EUN1870,PC-2542,R:\;R:\EUN1870;R:\14VHXN0;R:\81M6577,Connect
{H6H8-V6AO74YF-7988PVJB},01/04/2010 09:05:19,EUN1870,PC-2542,,Disconnect
{H1B3-F8GX90GK-1033LHNA},01/04/2010 09:05:22,PMC1560,PC-5401,,Disconnect
{Z3G1-J5ON97WH-0942RMGO},01/04/2010 09:05:34,ZIE0741,PC-9132,,Disconnect
{J1M6-J2OW22JB-2632UZRT},01/04/2010 09:05:41,GTF1464,PC-0536,,Disconnect
{R9W4-U0OG57HH-4158ZOXK},01/04/2010 09:05:44,CCB1836,PC-7438,,Disconnect
{M6D0-R3GD05AN-6626VCKV},01/04/2010 09:05:49,WTC0699,PC-9950,,Disconnect
{M0L3-O7ZO28WM-2013XKOC},01/04/2010 09:06:04,KHG0205,PC-1392,R:\;R:\KHG0205;R:\63T9r75;R:\72GlYL0;R:\74yD4K2,Connect
{U4S6-N3VJ86KH-9020PZVR},01/04/2010 09:06:10,DNF0876,PC-6563,,Disconnect
{P8F8-W5RY48NC-6185SRTN},01/04/2010 09:06:15,NAH1366,PC-4785,R:\;R:\NAH1366;R:\97t49s6;R:\87t86c6;R:\74Vn233,Connect
{O2M9-M1XR18PH-3494LDJT},01/04/2010 09:06:25,CCG1347,PC-4380,R:\;R:\CCG1347;R:\26v1597;R:\48J6cL4;R:\84Zt313;R:\17fhD11,Connect
{Z7D2-Q2QF58UZ-6337YREO},01/04/2010 09:06:50,KHG0205,PC-1392,,Disconnect
{Q2R4-R3HC56GD-9972XXPY},01/04/2010 09:07:01,MKC0869,PC-5912,,Disconnect
{T2X2-M0KM91KJ-5595OXWC},01/04/2010 09:07:49,QZH0367,PC-2150,,Disconnect
{L7Z4-R4KP67OF-8384ONUR},01/04/2010 09:08:20,FMP0459,PC-3142,,Disconnect
{D8A2-U7LQ06SD-2039XEDD},01/04/2010 09:08:27,ABB0019,PC-8283,R:\;R:\ABB0019;R:\679Pw69,Connect
{R0Y6-U8VF24EJ-4999WLGW},01/04/2010 09:08:44,IDC1744,PC-1233,R:\;R:\IDC1744;R:\33q7pl4;R:\22d9sd4;R:\24d2277,Connect
{W8N9-H6IJ40HK-4159SBHU},01/04/2010 09:09:16,WDT1634,PC-3774,,Disconnect
{Z1N7-W8TN46SF-9892ORPY},01/04/2010 09:09:18,OKM1092,PC-5931,R:\;R:\OKM1092,Connect
{L4P7-X6CT32EL-7781CVKV},01/04/2010 09:09:29,TRC1838,PC-7903,,Disconnect
{Y1V2-L9WT85OX-7690LQHO},01/04/2010 09:09:33,ARM0805,PC-6891,,Disconnect
{W8S6-W9RT30YE-0412CUHK},01/04/2010 09:09:43,DSH1074,PC-4235,R:\;R:\DSH1074;R:\25l8Zc4;R:\35Y4537;R:\37Xsxh0,Connect
{L4H0-X7DY05SA-8700WXRP},01/04/2010 09:09:54,VFA1284,PC-0627,R:\;R:\VFA1284,Connect
{Y4G0-O3FS26QK-1441UUMG},01/04/2010 09:10:03,EAS1970,PC-0265,,Disconnect
{O1C6-E9CT05QL-1462FHKE},01/04/2010 09:10:03,ICB1354,PC-6751,R:\;R:\ICB1354;R:\53Y8cv4;R:\36M2X35;R:\26nc523,Connect
{E5Z0-W7ID06FS-2153WRBQ},01/04/2010 09:10:21,ICB1354,PC-6751,,Disconnect
{V7S2-A5JE10FL-9946ZZUG},01/04/2010 09:10:36,HSV0878,PC-0334,,Disconnect
{X3C4-K9IR03WS-5739WNME},01/04/2010 09:10:44,HGG0535,PC-5125,,Disconnect
{S1M9-O3DR66HS-2782DPBV},01/04/2010 09:10:48,KEO0202,PC-0170,R:\;R:\KEO0202,Connect
{F1P8-H7MR44CH-8362IHSK},01/04/2010 09:10:53,DEB0727,PC-4897,,Disconnect
{O2C1-R9LF12ZL-5369DGXI},01/04/2010 09:10:54,KEO0202,PC-0170,,Disconnect
{Z1O1-A3CR50FA-1639UWRS},01/04/2010 09:11:09,QNB1329,PC-9493,,Disconnect
{P9P9-V9IW81GT-6998CIBF},01/04/2010 09:11:32,YWF1562,PC-6926,R:\;R:\YWF1562;R:\18Zy6v2,Connect
{M6D2-I0TA61CV-1069RUID},01/04/2010 09:11:41,ICB1354,PC-6751,R:\;R:\ICB1354;R:\53Y8cv4;R:\36M2X35;R:\26nc523,Connect
{Y4T9-F8AJ49SA-7116YGXG},01/04/2010 09:11:45,EUN1870,PC-2542,R:\;R:\EUN1870;R:\14VHXN0;R:\81M6577,Connect
{C7C7-A3HX28JS-4546SZAS},01/04/2010 09:11:47,CBS1856,PC-8617,R:\;R:\CBS1856;R:\44L45j6;R:\25n7Y45;R:\196pfK8;R:\46fjp11,Connect
{K2X9-A8FR43GS-0457QTEX},01/04/2010 09:11:49,MKC0869,PC-5912,R:\;R:\MKC0869;R:\676Ry89;R:\88y92P6;R:\381qRZ8,Connect
{I2O3-G6VC05II-9721UCUR},01/04/2010 09:12:17,SSS1683,PC-7430,,Disconnect
{B6V6-K3VH92XZ-9639TLSY},01/04/2010 09:12:33,DNW0899,PC-1124,R:\;R:\DNW0899,Connect
{L1J1-Z2FP39NK-7704GEED},01/04/2010 09:12:43,LPL0877,PC-9216,,Disconnect
{D6S6-R1QG96VZ-1489ENZT},01/04/2010 09:12:44,ICB1354,PC-6751,,Disconnect
{D4U0-X0BG15BX-1408OZBE},01/04/2010 09:13:01,ENM1861,PC-2710,,Disconnect
{Y6F9-I0FH61KD-5013WHNR},01/04/2010 09:13:13,WLP0123,PC-6749,R:\;R:\WLP0123;R:\41qm573;R:\69Lc5S2;R:\59WNB81;R:\33Lctc0,Connect
{N7C5-Y5DP94FT-2006ITQF},01/04/2010 09:13:19,VFA1284,PC-0627,,Disconnect
{X9P7-Y5UR57ZW-6676KOOU},01/04/2010 09:13:28,SVB0209,PC-9703,R:\;R:\SVB0209;R:\248QD99;R:\86cqwc0;R:\41Sx3D2;R:\31vXjB0,Connect
{Y2Z2-Y9KX38UH-7356GMPA},01/04/2010 09:13:29,GTC0081,PC-6834,R:\;R:\GTC0081,Connect
{Q7E9-J8OT57CV-4197DEIK},01/04/2010 09:13:55,CCG1347,PC-4380,,Disconnect
{V6L4-P3FO35GQ-3207RUOP},01/04/2010 09:14:04,CDG0551,PC-2273,,Disconnect
{G9I4-T1FE58TH-0313RZVP},01/04/2010 09:14:06,SNK1280,PC-3271,R:\;R:\SNK1280;R:\42CJfJ0;R:\843ytr8,Connect
{K4A9-T3YL11NX-2460OHFT},01/04/2010 09:14:23,EUN1870,PC-2542,,Disconnect
{U5G3-V8BJ51UX-7504ESWU},01/04/2010 09:15:03,NTB0710,PC-8033,R:\;R:\NTB0710;R:\91JbbL0;R:\78ZBC41;R:\81f8257,Connect
{V7W7-Z8DT11OG-3988NSAO},01/04/2010 09:15:21,ARM0805,PC-6891,R:\;R:\ARM0805;R:\12S4D95;R:\15hrhL0,Connect
{N5M2-T0UD26IF-2102FUQX},01/04/2010 09:15:22,DMD1197,PC-3924,,Disconnect
{S7X4-O8GI41EN-3778ROAJ},01/04/2010 09:15:31,GTC0081,PC-6834,,Disconnect
{P9G9-P6TJ02IG-6948UCCD},01/04/2010 09:15:35,JRC0238,PC-0842,R:\;R:\JRC0238;R:\868Vrk8;R:\47mw823;R:\81CQ7f2,Connect
{M7J5-V6HT43DW-7664AQXO},01/04/2010 09:15:35,OJC0930,PC-0511,,Disconnect
{M9B4-S8OK18GL-5256YTIE},01/04/2010 09:15:54,ASR0150,PC-8653,R:\;R:\ASR0150;R:\29JXlj0,Connect
{V6V5-E2GH12FC-9619RUJN},01/04/2010 09:16:11,SSS1683,PC-7430,R:\;R:\SSS1683;R:\94Kk463,Connect
{T9A7-K3DY99HY-7040IQNZ},01/04/2010 09:16:19,GTC0081,PC-6834,R:\;R:\GTC0081,Connect
{R1N5-O6OW69GF-1096BUOG},01/04/2010 09:16:20,OKM1092,PC-5931,,Disconnect
{H3H2-A8UX26QQ-7849KQKV},01/04/2010 09:16:24,RRS0056,PC-4821,R:\;R:\RRS0056;R:\82k36x6;R:\66m8c35;R:\41mfxN0,Connect
{L4D5-F0HS67EW-5051DWNW},01/04/2010 09:16:34,CAM1025,PC-1278,R:\;R:\CAM1025;R:\43p7Q15,Connect
{A1Z5-N2MH64LQ-7759ZRSX},01/04/2010 09:16:38,KAJ1413,PC-4500,,Disconnect
{S0J7-B2JU97LN-2268UZFQ},01/04/2010 09:16:39,DEW0384,PC-0021,,Disconnect
{B7W9-Y6HY21PU-0522JKSL},01/04/2010 09:16:47,CCB1836,PC-7438,R:\;R:\CCB1836;R:\77s72n6;R:\31pD343;R:\877DnT8;R:\36TLs21,Connect
{J1J9-T1KV57YB-6698YLQQ},01/04/2010 09:16:51,RDS1398,PC-3426,R:\;R:\RDS1398;R:\232ZtT8;R:\992Jg69,Connect
{N2U8-N1QT61II-3634LQFT},01/04/2010 09:17:39,ABB0019,PC-8283,,Disconnect
{K6J5-X4YL44WD-7016NLDN},01/04/2010 09:17:41,MLC0141,PC-6318,R:\;R:\MLC0141;R:\16CZM51;R:\64l8sk4;R:\68NhK31;R:\57Xdjj0,Connect
{C6Y8-M8WH10FU-3931NMFR},01/04/2010 09:17:50,CAM1025,PC-1278,,Disconnect
{C1C8-O6BB60QR-4094GXAV},01/04/2010 09:18:18,GTC0081,PC-6834,,Disconnect
{D0J1-I6CA30QH-4022WWMY},01/04/2010 09:18:21,ICB1354,PC-6751,R:\;R:\ICB1354;R:\53Y8cv4;R:\36M2X35;R:\26nc523,Connect
{O5R3-D6AA66VO-3176OUNR},01/04/2010 09:18:33,ABB0019,PC-8283,R:\;R:\ABB0019;R:\679Pw69,Connect
{Y6F5-Y8OG20MT-6522THLS},01/04/2010 09:18:41,GAT1343,PC-8168,R:\;R:\GAT1343;R:\63bZ883;R:\78C6Fv4;R:\61Np213;R:\38Byd31,Connect
{A9X4-W0AW95JT-2393CDHV},01/04/2010 09:18:52,FWB1999,PC-3634,R:\;R:\FWB1999;R:\122Pr49,Connect
{M9U3-T3HW68LM-7201RXFV},01/04/2010 09:18:55,ICB1354,PC-6751,,Disconnect
{I9C3-S7QH89DA-2213EGNN},01/04/2010 09:19:22,ICB1354,PC-6751,R:\;R:\ICB1354;R:\53Y8cv4;R:\36M2X35;R:\26nc523,Connect
{G1R9-A5AQ76UC-2806AMAG},01/04/2010 09:19:24,ICB1354,PC-6751,,Disconnect
{R8Q2-D3MJ22AJ-7881OJCM},01/04/2010 09:19:35,YIN0342,PC-3230,,Disconnect
{Q5M7-P6UZ91HA-0552SOZO},01/04/2010 09:19:36,ZJT1601,PC-4528,R:\;R:\ZJT1601;R:\28cwm11,Connect
{H8K6-M3AC20ED-3436KRFH},01/04/2010 09:19:37,CBD1574,PC-9687,,Disconnect
{C2N5-T7DY40KC-3632VUFL},01/04/2010 09:19:44,CLZ1937,PC-3007,R:\;R:\CLZ1937;R:\77T3737;R:\32Fs153;R:\383WN89;R:\13bHz71,Connect
{I1I3-X8AN41RD-2550QCUL},01/04/2010 09:19:49,MKC0869,PC-5912,,Disconnect
{T2U1-Z4ZJ11KM-3128RIMI},01/04/2010 09:20:14,MLC0141,PC-6318,,Disconnect
{B8N2-J2UX46JZ-4149DQFS},01/04/2010 09:20:17,ITA0159,PC-4594,R:\;R:\ITA0159;R:\921ZH89;R:\29X9n75;R:\33ghz61,Connect
{M8M4-I6UO91CP-5910XXFD},01/04/2010 09:20:21,VFA1284,PC-0627,R:\;R:\VFA1284,Connect
{T4X8-U6IU89PZ-6317WQRZ},01/04/2010 09:20:32,CAS1068,PC-4395,R:\;R:\CAS1068;R:\712dPH8,Connect
{O3C8-R1JH56CX-8108INXN},01/04/2010 09:20:50,ICB1354,PC-6751,R:\;R:\ICB1354;R:\53Y8cv4;R:\36M2X35;R:\26nc523,Connect
{M9I1-D8DU64JV-8960CPPI},01/04/2010 09:20:54,SWM1653,PC-9287,R:\;R:\SWM1653,Connect
{T8H6-F3JO26XJ-5866JPWU},01/04/2010 09:20:57,HSN0675,PC-9696,,Disconnect
{I3C8-Y8AW71PT-7916LUYK},01/04/2010 09:21:13,SOP1142,PC-7803,R:\;R:\SOP1142,Connect
{D4C5-J5OS88SI-3674RRMN},01/04/2010 09:21:16,DMJ0222,PC-7860,R:\;R:\DMJ0222;R:\12Dm8q2,Connect
{I2D2-P5OR00QL-1796EVFM},01/04/2010 09:21:16,KRC0441,PC-2268,R:\;R:\KRC0441;R:\84Ghs41;R:\73k8Fr4;R:\31Z1ZY4,Connect
{O5A8-A3PN30LL-4109JIFZ},01/04/2010 09:21:28,ABB0019,PC-8283,,Disconnect
{D6Z1-P6DR32WX-3378DKAM},01/04/2010 09:21:28,SSS1683,PC-7430,,Disconnect
{H7U1-J2AX70AH-0715GHTQ},01/04/2010 09:21:31,HMW0602,PC-7686,R:\;R:\HMW0602;R:\97yn1d2;R:\48vYHL0,Connect
{K0H7-N3XV49HR-4161FYGB},01/04/2010 09:21:44,SVB0209,PC-9703,,Disconnect
{R1X8-X1AS35IH-5273SWRM},01/04/2010 09:21:45,CLF1981,PC-5242,R:\;R:\CLF1981,Connect
{V3M7-K2IJ50AD-6666JDQN},01/04/2010 09:22:17,RMT0496,PC-9194,R:\;R:\RMT0496;R:\98r42J6;R:\244fR29;R:\26S7BK4;R:\93zjKw0,Connect
{U5X9-W6SI55KR-0620VOAV},01/04/2010 09:22:51,EAC0769,PC-0799,R:\;R:\EAC0769;R:\848CG99;R:\37F62R6;R:\38p7217;R:\96ljrW0,Connect
{Q2B2-D6JR79DD-8842TPMT},01/04/2010 09:22:54,EKS1182,PC-4175,R:\;R:\EKS1182;R:\71Bl5g2,Connect
{R3E4-X8JC65VT-1625JSYD},01/04/2010 09:22:55,DPC1618,PC-7131,R:\;R:\DPC1618;R:\287ZBc8;R:\43XLn81;R:\43l65j6;R:\65MFG71,Connect
{U9Z6-R3VW41MS-2559CNIU},01/04/2010 09:22:55,GIA1171,PC-1495,,Disconnect
{F5W4-X2EY14GX-9858AASE},01/04/2010 09:22:55,ICB1354,PC-6751,,Disconnect
{Q6M3-Z4AX15BF-2207SCYK},01/04/2010 09:23:10,CLZ1937,PC-3007,,Disconnect
{A8R9-D9FE63XF-3997GIAX},01/04/2010 09:23:16,HXP0976,PC-4657,R:\;R:\HXP0976;R:\27C91Q6,Connect
{J3B3-I0PC06QH-3948KPBP},01/04/2010 09:23:58,BCC1597,PC-2558,,Disconnect
{X9R0-J5FX24BD-7500IRVC},01/04/2010 09:24:18,RRS0056,PC-4821,,Disconnect
{O8Z4-O8WR53FI-9601ZBOM},01/04/2010 09:24:57,ARB0626,PC-8844,R:\;R:\ARB0626;R:\67p23C6;R:\33BG9t2;R:\83g41S6;R:\71dNHc0,Connect
{Y5W3-X7PV87MU-8253PBDV},01/04/2010 09:26:03,JAL0811,PC-1787,,Disconnect
{X1A5-I5YZ05KQ-1200SLPZ},01/04/2010 09:26:14,KDC1240,PC-3537,,Disconnect
{C4V0-Q2ZV26ON-6679IHCO},01/04/2010 09:26:31,ADH0153,PC-1484,R:\;R:\ADH0153;R:\58dP893;R:\25M3l25,Connect
{P6P8-H1DC60WL-0096TYLB},01/04/2010 09:27:04,LNS0317,PC-6671,R:\;R:\LNS0317;R:\33g5297;R:\34PjS31;R:\82SQ393;R:\28TBwC0,Connect
{H8Z5-I8EX47FQ-4462GWXI},01/04/2010 09:27:27,ROB0477,PC-5683,,Disconnect
{M9X1-U0PP93BU-3421HRKH},01/04/2010 09:27:31,ITA0159,PC-4594,,Disconnect
{S0I2-K1TP30TC-4255FPAO},01/04/2010 09:27:40,KAC1209,PC-3169,R:\;R:\KAC1209;R:\667XV79;R:\52rMSs0;R:\39sp1n2;R:\55jjB31,Connect
{H5B1-K1LG05RK-3210MOUL},01/04/2010 09:27:45,DPC1618,PC-7131,,Disconnect
{P9V0-X0JO71WP-0950BNAC},01/04/2010 09:27:49,NBL1490,PC-6940,R:\;R:\NBL1490;R:\78lSWp0;R:\721Mn39;R:\48q1BV4,Connect
{D8L4-K2MD48RV-8166SVXS},01/04/2010 09:28:15,SWM1653,PC-9287,,Disconnect
{G2L8-A5LW06PP-0773YQXF},01/04/2010 09:28:29,VFA1284,PC-0627,,Disconnect
{R7O3-X7OA76RV-5019AJQC},01/04/2010 09:28:41,WIR1720,PC-9375,R:\;R:\WIR1720;R:\55Jkgw0;R:\24QR3j2;R:\36Z3157;R:\76Yxc91,Connect
{B8W7-Y2VI78EP-5148KMXI},01/04/2010 09:28:51,MEH0029,PC-7412,R:\;R:\MEH0029;R:\655bg19;R:\28Wx2Z2;R:\36tJQZ0,Connect
{M0U3-F4KK99NB-5075ONVB},01/04/2010 09:28:57,HRE0297,PC-2946,R:\;R:\HRE0297;R:\59z4977;R:\539rP69,Connect
{M4C2-K9AA09TC-0307JNVM},01/04/2010 09:29:03,VFA1284,PC-0627,R:\;R:\VFA1284,Connect
{P3T7-P8ZJ28UA-7198FKZN},01/04/2010 09:29:06,DZH1867,PC-5587,R:\;R:\DZH1867;R:\84t1667;R:\24L98H6,Connect
{Y6R1-J4SM23RX-7860VFLI},01/04/2010 09:29:21,KSS1005,PC-5932,R:\;R:\KSS1005;R:\51N7k55;R:\24mtcM0;R:\88TTJW0,Connect
{E8W1-B9CB63OX-3313EOCA},01/04/2010 09:29:33,MEH0029,PC-7412,,Disconnect
{O9L2-P2MJ83TF-2342DOMR},01/04/2010 09:29:38,NAH1366,PC-4785,,Disconnect
{W9O2-I4UN15SU-9981XEEN},01/04/2010 09:29:40,DNW0899,PC-1124,,Disconnect
{V1D2-F0QY29FN-1115BHCZ},01/04/2010 09:29:43,PMM1117,PC-9096,R:\;R:\PMM1117;R:\68J6747;R:\82jdB11;R:\87Yss51,Connect
{U0D8-R2TF57UK-2513PIES},01/04/2010 09:29:53,ZJT1601,PC-4528,,Disconnect
{I4Q0-C0EH12GZ-2472JFII},01/04/2010 09:30:03,IDC1744,PC-1233,,Disconnect
{W3S9-P7UB67CZ-7971NCCK},01/04/2010 09:30:23,BDM1457,PC-3893,,Disconnect
{V3H1-Q8QD66UA-5551FBYG},01/04/2010 09:30:30,EKS1182,PC-4175,,Disconnect
{K1R3-O4PZ70XX-0881YROL},01/04/2010 09:30:38,QGC0435,PC-3976,,Disconnect
{A0B9-S0GD51UO-2611UOIW},01/04/2010 09:30:45,BAS0763,PC-8779,R:\;R:\BAS0763;R:\27hG813,Connect
{C5P7-K1KX81BS-1251GTSQ},01/04/2010 09:30:46,ARM0805,PC-6891,,Disconnect
{Y4Q0-D3RT26MD-3556LOVW},01/04/2010 09:30:58,CHP1711,PC-7951,R:\;R:\CHP1711;R:\32Rhs81,Connect
{E4O2-M2BT62XO-0242MWSW},01/04/2010 09:31:01,KAJ1413,PC-4500,R:\;R:\KAJ1413;R:\94Xw653;R:\74mkZ91;R:\76B4KP4,Connect
{S6N0-T2XU17YE-7424XOWM},01/04/2010 09:31:02,MKW1422,PC-8445,R:\;R:\MKW1422;R:\12gp4h2;R:\26CY4H2,Connect
{T3N2-M7DZ26AS-6220BEVI},01/04/2010 09:31:03,GTC0081,PC-6834,R:\;R:\GTC0081,Connect
{U5T0-F1HU38GY-2339NSWC},01/04/2010 09:31:18,HAD0702,PC-6370,,Disconnect
{V8F1-I6FY07CD-9688GINO},01/04/2010 09:31:21,DNW0899,PC-1124,R:\;R:\DNW0899,Connect
{W6D2-F7JF88RD-9579XJXQ},01/04/2010 09:32:15,PMM1117,PC-9096,,Disconnect
{T2G3-X6YZ60AM-6227RPPF},01/04/2010 09:32:46,CAS1068,PC-4395,,Disconnect
{U5U5-I9DT89OL-6835XRWK},01/04/2010 09:32:56,KEO0202,PC-0170,R:\;R:\KEO0202,Connect
{H3V2-H5KN18DD-6032DULB},01/04/2010 09:33:14,DNW0899,PC-1124,,Disconnect
{K9E8-P3OS36SH-4288AFSM},01/04/2010 09:33:46,HRR1154,PC-8385,R:\;R:\HRR1154,Connect
{S7G3-Z4DN25KL-8662KJHF},01/04/2010 09:34:01,BAS0763,PC-8779,,Disconnect
{B5H2-I2SH25TR-6068TWHF},01/04/2010 09:34:05,GTF1464,PC-0536,R:\;R:\GTF1464;R:\14b6kS4;R:\13h28k6;R:\27N6fs4;R:\55bnB41,Connect
{G3B2-G1DT50UL-8011PFQB},01/04/2010 09:34:12,ARM0805,PC-6891,R:\;R:\ARM0805;R:\12S4D95;R:\15hrhL0,Connect
{X3M7-N6IM72XD-8737LVIQ},01/04/2010 09:34:23,YWF1562,PC-6926,,Disconnect
{B2C8-M6OQ44SE-4748PQFN},01/04/2010 09:35:39,FWB1999,PC-3634,,Disconnect
{W8H5-Y9CZ58DH-8561YYRQ},01/04/2010 09:36:22,ASR0150,PC-8653,,Disconnect
{T2T8-E4IU08WI-7685LLZW},01/04/2010 09:37:16,EAC0769,PC-0799,,Disconnect
{C9A3-G2LJ21FB-6950YVNK},01/04/2010 09:37:17,MEH0029,PC-7412,R:\;R:\MEH0029;R:\655bg19;R:\28Wx2Z2;R:\36tJQZ0,Connect
{G2H7-J1RI30OK-9513PBQV},01/04/2010 09:37:24,DEC1939,PC-5120,R:\;R:\DEC1939;R:\247Zm69;R:\74yj863;R:\761lV99,Connect
{B9S3-Y1IA51CC-7167OIWN},01/04/2010 09:37:42,CLF1981,PC-5242,,Disconnect
{F2R6-B9BP81FW-1141JUSM},01/04/2010 09:38:16,DZH1867,PC-5587,,Disconnect
{D5Y7-R9RB85LP-3217AZRJ},01/04/2010 09:38:38,GAT1343,PC-8168,,Disconnect
{W4D2-C4LG18GK-8061HRDI},01/04/2010 09:38:38,KSS1005,PC-5932,,Disconnect
{G7K3-R4IW13JM-4756PGTT},01/04/2010 09:38:45,MDS0680,PC-9688,R:\;R:\MDS0680;R:\85LwQQ0,Connect
{S8Y3-F0GH74NR-4076TDRZ},01/04/2010 09:38:46,DCR1648,PC-8873,R:\;R:\DCR1648;R:\135vhv8;R:\81z1pz4;R:\98R73n6,Connect
{T2D4-N4NG81LR-2161LYPY},01/04/2010 09:38:50,LSB1588,PC-9848,,Disconnect
{R5N7-K8CI04AP-7809PQFS},01/04/2010 09:39:11,BCC1597,PC-2558,R:\;R:\BCC1597,Connect
{C0L7-S1VQ05ST-6832JAKG},01/04/2010 09:39:13,ARM0805,PC-6891,,Disconnect
{D5G7-Y6EJ47EL-8991ZTNJ},01/04/2010 09:39:15,NBL1490,PC-6940,,Disconnect
{P0Y9-Y2FV23QU-6099UESQ},01/04/2010 09:40:02,GTF1464,PC-0536,,Disconnect
{M8C7-K2UU71GU-3572BQCY},01/04/2010 09:40:44,LNS0317,PC-6671,,Disconnect
{P2E4-C1LG51UA-1525OFFJ},01/04/2010 09:41:16,ITA0159,PC-4594,R:\;R:\ITA0159;R:\921ZH89;R:\29X9n75;R:\33ghz61,Connect
{H7C0-A1LA18WH-1505OBDF},01/04/2010 09:41:19,DLB0401,PC-2684,,Disconnect
{Q4Y6-I9LD54XI-7070YDHD},01/04/2010 09:41:50,NVA1748,PC-5945,R:\;R:\NVA1748;R:\511jCl8,Connect
{F6X0-W9YJ95HJ-5941ASHP},01/04/2010 09:42:15,ITA0159,PC-4594,,Disconnect
{T7M2-K8PT15OP-0455TYHW},01/04/2010 09:42:15,USW1994,PC-7150,R:\;R:\USW1994;R:\47l3FJ4;R:\991Mr79,Connect
{U2R0-G9NW03IN-9383VKND},01/04/2010 09:42:24,VFA1284,PC-0627,,Disconnect
{T7O1-S4BI27AL-6154PFXJ},01/04/2010 09:43:05,MCB0227,PC-0109,R:\;R:\MCB0227;R:\83m5697;R:\51DC6B2;R:\61xM6h2,Connect
{P0O6-O4HJ95VM-3152YRRT},01/04/2010 09:43:50,CCB1836,PC-7438,,Disconnect
{U7B9-X3RI88BA-1758JQPM},01/04/2010 09:44:08,TBA0283,PC-2332,R:\;R:\TBA0283;R:\94FY733;R:\917Zrr8;R:\98CD9n2;R:\27xXYM0,Connect
{P2S9-M2CM45OU-1637MBAC},01/04/2010 09:44:17,SEO0946,PC-9697,,Disconnect
{S8W3-K6AL40CC-9633LOFF},01/04/2010 09:44:18,CBC1607,PC-3209,R:\;R:\CBC1607;R:\52c6337;R:\21NPkL0;R:\58W51K6;R:\68zcb41,Connect
{Y8Q5-O8GX70SN-2315RRPA},01/04/2010 09:44:18,GTC0081,PC-6834,,Disconnect
{O1X1-S9CW29KB-8205IIMM},01/04/2010 09:45:02,DZH1867,PC-5587,R:\;R:\DZH1867;R:\84t1667;R:\24L98H6,Connect
{A7N2-B1MG11YV-1272XVTK},01/04/2010 09:45:06,HSV0878,PC-0334,R:\;R:\HSV0878,Connect
{W4R9-D1GF86PE-6207VVXX},01/04/2010 09:45:17,MNM1948,PC-2945,,Disconnect
{L6G3-U6NY86UN-9995QXYM},01/04/2010 09:45:40,SKE1251,PC-1609,R:\;R:\SKE1251,Connect
{P2R0-Q3EF25TU-1621BGQB},01/04/2010 09:46:17,CCG1347,PC-4380,R:\;R:\CCG1347;R:\26v1597;R:\48J6cL4;R:\84Zt313;R:\17fhD11,Connect
{G9Z3-I2AK50PH-8464CQSR},01/04/2010 09:46:32,NTB0710,PC-8033,,Disconnect
{H5U8-N8XB47KN-4438DMOH},01/04/2010 09:47:26,SNK1280,PC-3271,,Disconnect
{G1Z3-P0GE68KU-4722UFEF},01/04/2010 09:47:32,CGS0647,PC-6375,R:\;R:\CGS0647;R:\67Z9557;R:\46Q1qC4;R:\14n64T6;R:\65cWkd0,Connect
{U3X2-D5GG45PQ-2397CVPS},01/04/2010 09:47:42,ADH0153,PC-1484,,Disconnect
{R2I5-H3LD16UL-6394XXWX},01/04/2010 09:47:46,MCB0227,PC-0109,,Disconnect
{J0Q1-P1LA39YW-2284TEDJ},01/04/2010 09:48:01,CBC1607,PC-3209,,Disconnect
{N7I5-F1SL62LV-6135FFZP},01/04/2010 09:48:26,EAM1308,PC-8550,R:\;R:\EAM1308;R:\647MBT8,Connect
{R2I3-A4QP57NP-0245DEOL},01/04/2010 09:48:33,HRE1950,PC-8025,R:\;R:\HRE1950;R:\47yHBn0;R:\54s7J45,Connect
{X8Z8-H0EG40SK-6485PRXA},01/04/2010 09:48:36,IDC0249,PC-1616,R:\;R:\IDC0249;R:\147fT99;R:\64z7Wv4;R:\51Ty5C2,Connect
{K9E0-Y5KC56ZZ-6650PYXF},01/04/2010 09:48:56,ADH0153,PC-1484,R:\;R:\ADH0153;R:\58dP893;R:\25M3l25,Connect
{I8U9-O7DO75SN-1789YVBY},01/04/2010 09:49:24,MKW1422,PC-8445,,Disconnect
{E2H5-N9QD20RI-0004UFYZ},01/04/2010 09:49:32,GGM1604,PC-7829,R:\;R:\GGM1604;R:\33S7Mh4;R:\54jkkr0;R:\24Z89g6,Connect
{Q5U4-W9JI07IJ-3253IHHM},01/04/2010 09:49:35,GYP1321,PC-6989,R:\;R:\GYP1321;R:\83wSJ61,Connect
{L0A5-H5JW79UI-6285JTBE},01/04/2010 09:49:48,RJW0348,PC-6837,R:\;R:\RJW0348;R:\315LSJ8,Connect
{T8B4-Z2AD72HB-1115EEZZ},01/04/2010 09:50:13,USW1994,PC-7150,,Disconnect
{T1C8-J8BC25UR-4724UEPV},01/04/2010 09:50:22,SKE1251,PC-1609,,Disconnect
{X9Q0-R7OX84WF-8156JSET},01/04/2010 09:50:36,USW1994,PC-7150,R:\;R:\USW1994;R:\47l3FJ4;R:\991Mr79,Connect
{E0W7-C6MJ20TH-2277GCLJ},01/04/2010 09:50:38,KAC1209,PC-3169,,Disconnect
{S6E3-Y8EX39ZJ-2334FLPO},01/04/2010 09:50:53,TBA0283,PC-2332,,Disconnect
{A8F2-C0YN41EZ-3411RGWT},01/04/2010 09:50:55,NVA1748,PC-5945,,Disconnect
{B0Z0-Y0AL40CW-7609VXVB},01/04/2010 09:51:02,MWB0225,PC-8021,,Disconnect
{B5Q2-D4GY97VM-6063JFAK},01/04/2010 09:51:12,HSV0878,PC-0334,,Disconnect
{A6F6-Z0JA61HP-8349YPMI},01/04/2010 09:51:25,JRC0238,PC-0842,,Disconnect
{Y7J3-A4OV02ZL-3163YWHG},01/04/2010 09:51:27,XMG1579,PC-1618,R:\;R:\XMG1579;R:\666RK59;R:\17r5287,Connect
{Y1F8-F8UY15GS-2378DMTQ},01/04/2010 09:51:33,LNS0317,PC-6671,R:\;R:\LNS0317;R:\33g5297;R:\34PjS31;R:\82SQ393;R:\28TBwC0,Connect
{A4D5-I0QZ50CF-9624GPQD},01/04/2010 09:52:07,WLP0123,PC-6749,,Disconnect
{T0M2-P2ZY41TN-2877XILX},01/04/2010 09:52:08,IDC1744,PC-1233,R:\;R:\IDC1744;R:\33q7pl4;R:\22d9sd4;R:\24d2277,Connect
{N7G4-M7VR61NV-6255QPGX},01/04/2010 09:52:08,TBA0283,PC-2332,R:\;R:\TBA0283;R:\94FY733;R:\917Zrr8;R:\98CD9n2;R:\27xXYM0,Connect
{G2M4-W1PZ58GJ-6402MQPL},01/04/2010 09:52:22,RRS0056,PC-4821,R:\;R:\RRS0056;R:\82k36x6;R:\66m8c35;R:\41mfxN0,Connect
{C6L5-A9LC31XI-2947URFA},01/04/2010 09:52:36,QZH0367,PC-2150,R:\;R:\QZH0367;R:\68R4647,Connect
{D2X7-K0VD66CK-2917KORO},01/04/2010 09:52:38,WIR1720,PC-9375,,Disconnect
{G1B3-P0SX89KX-1980MFBE},01/04/2010 09:52:38,YWF1562,PC-6926,R:\;R:\YWF1562;R:\18Zy6v2,Connect
{I7T9-W0XJ69QM-4413TCTE},01/04/2010 09:53:08,TLB0894,PC-9738,R:\;R:\TLB0894;R:\24v9kh4;R:\945Ny49,Connect
{U6T4-M3AS04XK-0851SSGZ},01/04/2010 09:53:10,CGS0647,PC-6375,,Disconnect
{I7U4-R8MA73PB-6548AQWP},01/04/2010 09:53:17,SEO0946,PC-9697,R:\;R:\SEO0946;R:\64s72S6;R:\79R4br4;R:\443ZF89,Connect
